word,count
aahed,10000
aalii,10000
aargh,71592
aarti,63273
abaca,79841
abaci,10000
aback,272920
abacs,10000
abaft,19188
abaka,10000
abamp,10000
aband,10000
abase,29383
abash,10000
abask,10000
abate,470646
abaya,84401
abbas,1437558
abbed,10000
abbes,25330
abbey,4224864
abbot,992552
abcee,10000
abeam,17316
abear,10000
abele,62988
abers,10000
abets,33014
abhor,169167
abide,3722809
abies,185002
abled,122479
abler,29740
ables,252284
ablet,10000
ablow,15776
abmho,10000
abode,1246541
abohm,10000
aboil,10000
aboma,10000
aboon,10000
abord,82154
abore,10000
abort,1569892
about,1226734006
above,141894620
abram,610831
abray,13971
abrim,10000
abrin,10000
abris,21355
absey,10000
absit,10000
abuna,10000
abune,10000
abuse,36269685
abuts,106431
abuzz,101924
abyes,10000
abysm,10000
abyss,1152408
acais,10000
acari,80144
accas,10000
accoy,10000
acerb,10000
acers,31994
aceta,10000
achar,32197
ached,153141
aches,1116644
achoo,33177
acids,8793940
acidy,10000
acing,35956
acini,24397
ackee,10000
acker,317695
acmes,10000
acmic,10000
acned,10000
acnes,44507
acock,10000
acold,10000
acorn,1825652
acred,10000
acres,14208905
acrid,104638
acros,67908
acted,4468180
actin,1356491
acton,1309016
actor,16282891
acute,11128841
acyls,10000
adage,419158
adapt,4675567
adaws,10000
adays,13959
adbot,19586
addax,16108
added,118410414
adder,888956
addio,54645
addle,15267
adeem,10000
adept,1595303
adhan,37011
adieu,274747
adios,348221
adits,12932
adman,30780
admen,10000
admin,37835381
admit,8780656
admix,17678
adobe,27538755
adobo,73556
adopt,11272339
adore,1176240
adorn,464591
adown,15167
adoze,10000
adrad,10000
adred,10000
adsum,10000
aduki,10000
adult,97583096
adunc,10000
adust,10000
advew,10000
adyta,10000
adzed,10000
adzes,10000
aecia,10000
aedes,173718
aegis,1349788
aeons,92070
aerie,107043
aeros,137375
aesir,33093
afald,10000
afara,10000
afars,16470
afear,10000
affix,444121
afire,113772
aflaj,10000
afoot,364417
afore,191691
afoul,159727
afrit,10000
afros,24950
after,372948094
again,150781416
agama,68959
agami,18814
agape,414471
agars,10000
agast,10000
agate,900451
agave,312239
agaze,10000
agene,10000
agent,57103658
agers,180316
agger,27373
aggie,616732
aggri,10000
aggro,171343
aggry,10000
aghas,10000
agila,64661
agile,1808955
aging,12014007
agios,230082
agism,10000
agist,10000
agita,10000
aglee,10000
aglet,21535
agley,10000
agloo,10000
aglow,110328
aglus,10000
agmas,10000
agoge,10000
agone,10000
agons,10000
agony,1543205
agood,24742
agora,797585
agree,47500911
agria,10000
agrin,23924
agros,10000
agued,10000
agues,10000
aguna,10000
aguti,10000
ahead,28375319
aheap,10000
ahent,10000
ahigh,12899
ahind,10000
ahing,10000
ahint,10000
ahold,295977
ahull,10000
ahuru,10000
aidas,10000
aided,3314916
aider,140957
aides,1614522
aidoi,10000
aidos,10000
aiery,10000
aigas,10000
aight,127253
ailed,20703
aimed,10030370
aimer,96862
ainee,10000
ainga,10000
aioli,84769
aired,2159611
airer,36215
airns,10000
airth,28113
airts,10000
aisle,1917319
aitch,28626
aitus,10000
aiver,10000
aiyee,10000
aizle,10000
ajies,10000
ajiva,10000
ajuga,31146
ajwan,10000
akees,10000
akela,28395
akene,10000
aking,105864
akita,440387
akkas,10000
alaap,10000
alack,38913
alamo,2162395
aland,874439
alane,34667
alang,48219
alans,34103
alant,10000
alapa,10000
alaps,10000
alarm,17059844
alary,13261
alate,10000
alays,10000
albas,10000
albee,239116
album,77914316
alcid,10000
alcos,10000
aldea,47423
alder,972850
aldol,32614
aleck,69914
alecs,10000
alefs,10000
aleft,10000
aleph,692035
alert,32472727
alews,10000
aleye,10000
alfas,23952
algae,2068644
algal,510781
algas,36273
algid,10000
algin,10000
algor,79868
algum,21242
alias,7132147
alibi,448710
alien,10490554
alifs,10000
align,5478643
alike,6220739
aline,267309
alist,270374
alive,16064787
aliya,86771
alkie,10000
alkos,10000
alkyd,101898
alkyl,637228
allay,203474
allee,204946
allel,39827
alley,4541475
allis,603850
allod,10000
allot,396325
allow,67052567
alloy,5468839
allyl,130966
almah,10000
almas,48769
almeh,10000
almes,44838
almud,10000
almug,10000
alods,10000
aloed,10000
aloes,66464
aloft,497342
aloha,2099181
aloin,10000
alone,39326417
along,83444756
aloof,294291
aloos,10000
aloud,3743858
alowe,10000
alpha,27832836
altar,2627835
alter,7831337
altho,159231
altos,1143776
alula,13600
alums,271859
alure,10000
alvar,106564
alway,201600
amahs,10000
amain,28001
amass,181774
amate,27910
amaut,10000
amaze,791672
amban,10000
amber,11065507
ambit,247267
amble,141586
ambos,104687
ambry,16543
ameba,10000
ameer,56160
amend,7806844
amene,10000
amens,10000
ament,68334
amias,10000
amice,10000
amici,498099
amide,316773
amido,25154
amids,10000
amies,35247
amiga,2201683
amigo,1094662
amine,689951
amino,8273641
amins,10000
amirs,10000
amiss,271389
amity,540428
amlas,10000
amman,907030
ammon,296510
ammos,10000
amnia,10000
amnic,10000
amnio,26543
amoks,10000
amole,10000
among,83431590
amort,52215
amour,1346779
amove,10000
amowt,10000
amped,318536
ample,3187842
amply,321480
ampul,10000
amrit,117386
amuck,70822
amuse,554922
amyls,10000
anana,10000
anata,97604
ancho,95151
ancle,10000
ancon,27256
andro,154794
anear,10000
anele,62912
anent,27966
angas,37853
angel,25294123
anger,7991036
angle,17016075
anglo,2798286
angry,9267505
angst,1232364
anigh,10000
anile,14401
anils,10000
anima,559141
anime,31334688
animi,21791
anion,504530
anise,324336
anker,175826
ankhs,10000
ankle,4146793
ankus,10000
anlas,10000
annal,91257
annas,115640
annat,53865
annex,8465905
annoy,1497815
annul,146490
anoas,10000
anode,768949
anole,39883
anomy,22835
ansae,10000
antae,10000
antar,62848
antas,14611
anted,16159
antes,472677
antic,147936
antis,61179
antra,14888
antre,10000
antsy,82656
anura,97111
anvil,936808
anyon,37349
aorta,641057
apace,154873
apage,10000
apaid,10000
apart,16507181
apayd,10000
apays,10000
apeak,10000
apeek,10000
apers,39349
apert,36425
apery,10000
apgar,114178
aphid,295138
aphis,389447
apian,10000
aping,42534
apiol,10000
apish,10000
apism,10000
apnea,950562
apode,10000
apods,10000
apoop,10000
aport,10000
appal,27269
appay,10000
appel,812311
apple,50551171
apply,76341478
appro,352278
appui,68595
appuy,10000
apres,282360
apron,1617357
apses,10000
apsis,53093
apsos,17502
apted,47832
apter,75596
aptly,598371
aquae,38767
aquas,10000
araba,85785
araks,10000
arame,10000
arars,32570
arbas,10000
arbor,5057261
arced,26654
archi,260000
arcos,151492
arcus,129194
ardeb,10000
ardor,155258
ardri,10000
aread,10000
areae,10000
areal,289091
arear,10000
areas,121986327
areca,78703
aredd,10000
arede,10000
arefy,10000
areic,10000
arena,13966572
arene,37383
arepa,10000
arere,10000
arete,181243
arets,10000
arett,10000
argal,10000
argan,26269
argil,10000
argle,10000
argol,10000
argon,760267
argot,51766
argue,8353605
argus,2172332
arhat,28698
arias,701697
ariel,2731662
ariki,46804
arils,10000
ariot,10000
arise,8337093
arish,45447
arked,10000
arled,10000
arles,495534
armed,13866785
armer,48949
armet,10000
armil,10000
armor,6001844
arnas,10000
arnut,10000
aroba,10000
aroha,51420
aroid,10000
aroma,2018777
arose,2609029
arpas,10000
arpen,10000
arrah,10000
arras,163483
array,25150016
arret,10000
arris,70170
arrow,11563142
arroz,110715
arsed,125628
arses,82425
arsey,10000
arsis,24659
arson,989351
artal,10000
artel,29896
artic,431117
artis,394835
artsy,333481
aruhe,10000
arums,10000
arval,17215
arvee,10000
arvos,10000
aryls,10000
asana,175243
ascon,12971
ascot,888745
ascus,37312
asdic,10000
ashed,10000
ashen,184747
ashes,3011008
ashet,10000
aside,11768649
asked,75532722
asker,948596
askew,473664
askoi,10000
askos,10000
aspen,4626441
asper,84389
aspic,54553
aspie,10000
aspis,10000
aspro,70422
assai,54173
assam,803070
assay,3855224
asses,4583177
asset,18178753
assez,83499
assot,10000
aster,718311
astir,51145
astun,10000
asura,54205
asway,10000
aswim,10000
asyla,10000
ataps,10000
ataxy,10000
atigi,10000
atilt,10000
atimy,10000
atlas,12221120
atman,173626
atmas,10000
atmos,488481
atocs,10000
atoke,10000
atoks,10000
atoll,908471
atoms,4375988
atomy,10000
atone,152901
atony,10000
atopy,66364
atria,279451
atrip,10000
attap,73826
attar,86729
attic,3347389
atuas,10000
audad,10000
audio,127014703
audit,20786243
auger,678597
aught,207367
augur,120764
aulas,22980
aulic,10000
auloi,10000
aulos,26850
aumil,10000
aunes,10000
aunts,609018
aunty,239524
aurae,10000
aural,744671
aurar,10000
auras,134666
aurei,10000
aures,10000
auric,79392
auris,34496
aurum,141480
autos,9798008
auxin,154606
avail,3902711
avale,10000
avant,2710283
avast,449613
avels,10000
avens,43203
avers,109324
avert,767435
avgas,40092
avian,2877167
avine,10000
avion,581489
avise,40613
aviso,354132
avize,10000
avoid,36508203
avows,12784
avyze,10000
await,1745587
awake,3230337
award,59652161
aware,25700328
awarn,10000
awash,274221
awato,10000
awave,20063
aways,400767
awdls,10000
aweel,10000
aweto,10000
awful,5217370
awing,10000
awmry,10000
awned,19334
awner,10000
awoke,688520
awols,10000
awork,10000
axels,33994
axial,1685087
axile,10000
axils,29666
axing,53425
axiom,1495473
axion,276049
axite,10000
axled,10000
axles,647257
axman,10000
axmen,10000
axoid,10000
axone,19386
axons,385758
ayahs,10000
ayaya,10000
ayelp,10000
aygre,10000
ayins,10000
ayont,10000
ayres,606243
ayrie,10000
azans,10000
azide,254983
azido,28802
azine,10000
azlon,10000
azoic,10000
azole,41201
azons,10000
azote,12841
azoth,10000
azuki,13449
azure,1042257
azurn,10000
azury,10000
azygy,10000
azyme,10000
azyms,10000
baaed,10000
baals,10000
babas,19694
babel,1047472
babes,27016030
babka,22606
baboo,16716
babul,22216
babus,10000
bacca,18209
bacco,161419
baccy,10000
bacha,25536
bachs,17081
backs,4797208
bacon,5385205
baddy,15679
badge,6145138
badly,5290145
baels,10000
baffs,10000
baffy,10000
bafts,10000
bagel,792721
baggy,419677
baghs,10000
bagie,10000
bahts,100220
bahus,10000
bahut,10000
bails,149105
bairn,34786
baisa,10000
baith,14124
baits,669063
baiza,10000
baize,48414
bajan,42864
bajra,10000
bajri,10000
bajus,10000
baked,4716100
baken,16235
baker,14862470
bakes,173816
bakra,10000
balas,68596
balds,10000
baldy,261017
baled,78514
baler,153800
bales,712551
balks,62743
balky,24948
balls,13683840
bally,884078
balms,256614
balmy,210906
baloo,94508
balsa,485561
balti,137642
balun,106049
balus,10000
bambi,787833
banak,10000
banal,260129
banco,1182286
bancs,16230
banda,1187929
bandh,43780
bands,20842378
bandy,238539
baned,10000
banes,93807
bangs,1154062
bania,26516
banjo,1940675
banks,30582183
banns,145651
bants,10000
bantu,215030
banty,10000
banya,62734
bapus,10000
barbe,111899
barbs,274090
barby,70276
barca,340426
barde,14315
bardo,96541
bards,285757
bardy,10000
bared,186940
barer,86373
bares,216791
barfi,15384
barfs,22116
barge,1319916
baric,41654
barks,431387
barky,20516
barms,10000
barmy,75129
barns,1223270
barny,29190
baron,3504549
barps,10000
barra,656133
barre,1839524
barro,145814
barry,12921548
barye,10000
basal,1821739
basan,10000
based,252405204
basen,30386
baser,62041
bases,8663363
basho,137891
basic,84840226
basij,10000
basil,2757419
basin,10544774
basis,59901425
basks,33223
bason,25169
basse,317589
bassi,178307
basso,387021
bassy,39488
basta,306217
baste,95369
basti,61685
basto,29914
basts,10000
batch,7835050
bated,65650
bates,3503755
bathe,494252
baths,5707960
batik,648561
baton,4229776
batta,19422
batts,189079
battu,10000
batty,416010
bauds,10000
bauks,10000
baulk,31004
baurs,10000
bavin,10000
bawds,10000
bawdy,160667
bawks,10000
bawls,57450
bawns,10000
bawrs,10000
bawty,10000
bayed,14407
bayer,1825243
bayes,569591
bayle,119261
bayou,1397958
bayts,10000
bazar,365968
bazoo,10000
beach,105642682
beads,10825324
beady,87974
beaks,145800
beaky,22734
beals,229428
beams,3032813
beamy,10000
beano,358497
beans,7607524
beany,46499
beard,3166516
beare,118875
bears,22926868
beast,14787561
beath,25518
beats,6367861
beaty,209357
beaus,21947
beaut,160328
beaux,425302
bebop,1000401
becap,10000
becke,33592
becks,215169
bedad,10000
bedel,17484
bedes,18687
bedew,10000
bedim,10000
bedye,10000
beech,2327119
beedi,10000
beefs,106016
beefy,366863
beeps,311081
beers,2633610
beery,90230
beets,439436
befit,31021
befog,10000
begad,10000
began,38269468
begar,10000
begat,191296
begem,10000
beget,119815
begin,45434902
begot,60965
begum,134200
begun,8636352
beige,4288534
beigy,10000
being,242783091
beins,10000
bekah,51673
belah,10000
belar,10000
belay,297360
belch,115135
belee,10000
belga,126913
belie,103562
belle,5820002
bells,4743841
belly,7346354
belon,10000
below,145701629
belts,5651790
bemad,10000
bemas,10000
bemix,10000
bemud,10000
bench,8992211
bends,1010930
bendy,92458
benes,97606
benet,226135
benga,10000
benis,10000
benne,52776
benni,124117
benny,2393928
bento,215039
bents,51470
benty,10000
bepat,10000
beray,10000
beres,108650
beret,330199
bergs,58033
berko,26479
berks,687726
berme,10000
berms,147739
berob,10000
berry,7551906
berth,1056010
beryl,547615
besat,10000
besaw,13762
besee,10000
beses,10000
beset,373969
besit,10000
besom,42868
besot,10000
besti,10000
bests,224868
betas,306327
beted,10000
betel,126006
betes,27006
beths,10000
betid,10000
beton,105740
betta,439416
betty,6858121
bevel,571985
bever,72891
bevor,58495
bevue,10000
bevvy,10000
bewet,10000
bewig,10000
bezel,1692595
bezes,10000
bezil,10000
bezzy,10000
bhais,10000
bhaji,18778
bhang,20562
bhats,10000
bhels,10000
bhoot,10000
bhuna,10000
bhuts,10000
biach,10000
biali,10000
bialy,23321
bibbs,57588
bibes,10000
bible,45080741
biccy,10000
bicep,162754
bices,10000
biddy,137910
bided,20170
bider,10000
bides,16845
bidet,335335
bidis,31810
bidon,10000
bield,10000
biers,10000
biffo,10000
biffs,10000
biffy,58886
bifid,14746
bigae,10000
biggs,782849
biggy,55567
bigha,10000
bight,253016
bigly,10000
bigos,10000
bigot,258267
bijou,341954
biked,53763
biker,3530897
bikes,10740880
bikie,10000
bilbo,255543
bilby,56263
biled,10000
biles,57387
bilge,412304
bilgy,10000
bilks,10000
bills,18248816
billy,13515249
bimah,10000
bimas,10000
bimbo,577216
binal,14312
bindi,151524
binds,2193939
biner,50080
bines,32124
binge,850412
bingo,9539002
bings,10000
bingy,10000
binit,10000
binks,163972
bints,10000
biogs,37080
biome,174268
biont,10000
biota,434729
biped,76820
bipod,61691
birch,2936180
birds,19693729
birks,120549
birle,10000
birls,19278
biros,10000
birrs,10000
birse,20224
birsy,10000
birth,36286070
bises,10000
bisks,10000
bisom,10000
bison,2002028
bitch,8302447
biter,127349
bites,3086130
bitos,10000
bitou,10000
bitsy,135378
bitte,1056982
bitts,10000
bitty,409188
bivia,10000
bivvy,45002
bizes,10000
bizzo,10000
bizzy,235736
blabs,10000
black,244690155
blade,11527988
blads,10000
blady,10000
blaer,10000
blaes,10000
blaff,10000
blags,10000
blahs,68598
blain,185777
blame,8170544
blams,10000
bland,1606490
blank,18150537
blare,49365
blart,10000
blase,79486
blash,10000
blast,9387171
blate,10000
blats,10000
blatt,176015
blaud,10000
blawn,10000
blaws,10000
blays,10000
blaze,2448412
bleak,1088632
blear,10000
bleat,144793
blebs,20013
blech,124878
bleed,1989071
bleep,397961
blees,10000
blend,9680982
blent,10000
blert,10000
bless,5477461
blest,159216
blets,10000
bleys,21869
blimp,263458
blimy,10000
blind,16485480
bling,1627355
blini,19794
blink,5257629
blins,10000
bliny,10000
blips,93096
bliss,3708978
blist,16549
blite,10000
blits,19557
blitz,2476009
blive,21681
bloat,315923
blobs,332665
block,49694725
blocs,244531
blogs,46978262
bloke,766763
blond,5155053
blood,61348302
blook,34378
bloom,5456938
bloop,33990
blore,26544
blots,249068
blown,4229918
blows,2556663
blowy,10000
blubs,10000
blude,10000
bluds,10000
bludy,10000
blued,91789
bluer,80668
blues,23387172
bluet,39292
bluey,75731
bluff,3906671
bluid,10000
blume,421456
blunk,28171
blunt,4129800
blurb,776249
blurs,268623
blurt,86781
blush,1722003
blype,10000
boabs,10000
boaks,10000
board,212361059
boars,191697
boart,14110
boast,1239080
boats,15600762
bobac,10000
bobak,24111
bobas,10000
bobby,8964342
bobol,10000
bobos,27432
bocca,164468
bocce,181807
bocci,36179
boche,22819
bocks,19385
boded,14099
bodes,170580
bodge,24225
bodhi,146406
bodle,14619
boeps,10000
boets,10000
boeuf,81542
boffo,36747
boffs,10000
bogan,181052
bogey,350651
boggy,125025
bogie,180493
bogle,231716
bogue,188533
bogus,1903710
bohea,10000
bohos,10000
boils,720481
boing,1870671
boink,60028
boite,197551
boked,10000
bokeh,40320
bokes,32100
bokos,29471
bolar,19223
bolas,43633
bolds,17710
boles,267384
bolix,10000
bolls,41704
bolos,31187
bolts,3682849
bolus,275931
bomas,10000
bombe,136941
bombo,34612
bombs,3999701
bonce,10000
bonds,15431252
boned,385216
boner,301402
bones,7717501
boney,409772
bongo,767108
bongs,415527
bonie,10000
bonks,10000
bonne,683697
bonny,438690
bonus,27819488
bonza,22431
bonze,10000
booai,10000
booay,10000
boobs,21461250
booby,379438
boody,29996
booed,160116
boofy,10000
boogy,34796
boohs,10000
books,347710184
booky,10000
bools,52775
booms,524101
boomy,20346
boong,10000
boons,51432
boord,24287
boors,15103
boose,21230
boost,13675076
booth,7723310
boots,18968708
booty,14218854
booze,1178694
boozy,71828
boppy,98945
borak,18314
boral,88043
boras,65124
borax,172497
borde,83278
bords,14737
bored,5114852
boree,16638
borel,245222
borer,345460
bores,289979
borgo,257924
boric,154527
borks,10000
borms,10000
borna,22376
borne,3379421
boron,865654
borts,10000
borty,10000
bortz,59935
bosie,10000
bosks,10000
bosky,10000
bosom,712863
boson,559775
bossy,163576
bosun,78787
botas,57276
botch,92410
botel,73267
botes,26384
bothy,59087
botte,24625
botts,100045
botty,24685
bouge,20083
bough,520067
bouks,10000
boule,116726
boult,54727
bound,22303643
bouns,10000
bourd,10000
bourg,219928
bourn,74047
bouse,81909
bousy,10000
bouts,463473
bovid,10000
bowat,10000
bowed,915747
bowel,2666510
bower,783946
bowes,833637
bowet,10000
bowie,3287191
bowls,4193933
bowne,114221
bowrs,10000
bowse,10000
boxed,5778226
boxen,79417
boxer,3592432
boxes,25787744
boxla,10000
boxty,10000
boyar,24725
boyau,10000
boyed,10000
boyfs,10000
boygs,10000
boyla,10000
boyos,10000
boysy,10000
bozos,49842
braai,152198
brace,2182960
brach,92726
brack,170564
bract,30353
brads,332940
braes,53166
brags,149273
braid,981945
brail,23839
brain,33612784
brake,9321885
braks,10000
braky,10000
brame,65964
brand,82807581
brane,468538
brank,25065
brans,31986
brant,730649
brash,461753
brass,14298573
brast,10000
brats,339931
brava,741156
brave,5221356
bravi,10000
bravo,2772503
brawl,567755
brawn,191036
braws,10000
braxy,10000
brays,26177
braza,42894
braze,58124
bread,13575360
break,51242970
bream,307756
brede,71130
breds,15322
breed,7716901
breem,10000
breer,14489
brees,126037
breid,10000
breis,10000
breme,10000
brens,10000
brent,4683680
brere,10000
brers,10000
breve,276955
brews,369926
breys,10000
briar,630788
bribe,646492
brick,8094369
bride,8650665
brief,32599674
brier,264521
bries,10000
brigs,24912
briki,10000
briks,10000
brill,800254
brims,62671
brine,816003
bring,57608074
brink,1484879
brins,10000
briny,66915
brios,10000
brise,35611
brisk,774000
briss,61956
brith,73335
brits,1089837
britt,984387
brize,32178
broad,21370126
broch,77996
brock,2441409
brods,10000
brogh,10000
brogs,10000
broil,479526
broke,10460811
brome,133473
bromo,215016
bronc,87727
brond,10000
brood,1042305
brook,6044943
brool,10000
broom,1312361
broos,10000
brose,60177
brosy,10000
broth,1297117
brown,64112042
brows,409717
brugh,14540
bruin,455296
bruit,69936
brule,216438
brume,15864
brung,29676
brunt,489270
brush,10018684
brusk,10000
brust,103885
brute,1216912
bruts,10000
buats,10000
buaze,10000
bubal,10000
bubas,10000
bubba,1178018
bubbe,24357
bubby,52761
bubus,10000
buchu,32186
bucko,47129
bucks,6165133
bucku,10000
budas,10000
buddy,23611087
budge,418361
budis,10000
budos,49160
buffa,54425
buffe,10000
buffi,15479
buffo,12874
buffs,614179
buffy,4519674
bufos,10000
bufty,10000
buggy,1955438
bugle,583867
buhls,10000
buhrs,10000
buiks,10000
build,77203075
built,61502894
buist,39457
bukes,10000
bulbs,5028440
bulge,881613
bulgy,10000
bulks,51261
bulky,1181562
bulla,118031
bulls,3540837
bully,1532418
bulse,10000
bumbo,51541
bumfs,10000
bumph,10000
bumps,1501221
bumpy,692057
bunas,10000
bunce,147990
bunch,10355431
bunco,56806
bunde,23237
bundh,10000
bunds,38923
bundt,153250
bundu,14525
bundy,518060
bungs,45792
bungy,130839
bunia,39646
bunje,10000
bunjy,10000
bunko,118710
bunks,214252
bunns,10000
bunny,5730050
bunts,27287
bunty,79451
bunya,57395
buoys,532923
buppy,10000
buran,53977
buras,57246
burbs,192323
burds,10000
buret,24021
burfi,10000
burgh,396862
burgs,10000
burin,58788
burka,79244
burke,5646090
burks,290057
burls,27611
burly,250632
burns,9460104
burnt,3221640
buroo,10000
burps,57385
burqa,59931
burro,178515
burrs,138116
burry,88635
bursa,366398
burse,32738
burst,5147573
busby,412048
bused,62772
buses,6101027
bushy,445882
busks,10000
busky,10000
bussu,10000
busti,10000
busts,710437
busty,15705827
butch,1213820
buteo,93137
butes,15179
butle,10000
butoh,38293
butte,2505600
butts,8968856
butty,33867
butut,10000
butyl,770092
buxom,237464
buyer,42024703
buzzy,128866
bwana,67496
bwazi,10000
byded,10000
bydes,10000
byked,10000
bykes,10000
bylaw,1070798
byres,23946
byrls,10000
byssi,10000
bytes,30848384
byway,266973
caaed,10000
cabal,531622
cabas,75061
cabby,61542
caber,45575
cabin,8052267
cable,70082598
cabob,10000
caboc,10000
cabre,10000
cacao,331714
cacas,10000
cache,17250923
cacks,32499
cacky,10000
cacti,478989
caddy,1094377
cadee,10000
cades,87413
cadet,1717624
cadge,10000
cadgy,10000
cadie,10000
cadis,10000
cadre,925745
caeca,10000
caese,10000
cafes,2730706
caffs,10000
caged,511070
cager,54107
cages,1943021
cagey,66504
cagot,10000
cahow,10000
caids,10000
cains,31441
caird,55746
cairn,688283
cajon,655061
cajun,2262690
caked,91635
cakes,5565500
cakey,10000
calfs,10000
calid,10000
calif,766201
calix,61073
calks,10000
calla,580506
calls,43661633
calms,242513
calmy,10000
calos,10000
calpa,10000
calps,10000
calve,61132
calyx,252215
caman,10000
camas,377315
camel,11005001
cameo,1517437
cames,24794
camis,87567
camos,18180
campi,140537
campo,1243547
camps,11712039
campy,274413
camus,415924
canal,8278196
candy,13772033
caned,107189
caneh,10000
caner,65626
canes,830262
cangs,10000
canid,22313
canna,586192
canns,10000
canny,209480
canoe,3790795
canon,41144763
canso,43027
canst,199219
canto,643291
cants,41309
canty,110559
capas,30260
caped,85551
caper,485193
capes,454767
capex,200971
caphs,10000
capiz,48568
caple,153600
capon,113985
capos,96287
capot,10000
capri,4902351
capul,10000
caput,105633
carap,10000
carat,3398374
carbo,270809
carbs,1715865
carby,23634
cardi,134432
cards,121094522
cardy,61530
cared,2333049
carer,791142
cares,4757269
caret,284139
carex,335219
cargo,9748668
carks,10000
carle,405785
carls,71443
carns,23434
carny,42572
carob,154818
carol,11109404
carom,42604
caron,942813
carpi,52249
carps,84962
carrs,150212
carry,33056477
carse,45840
carta,860402
carte,2722336
carts,3559795
carve,952422
carvy,10000
casas,538695
casco,371797
cased,382486
cases,86255673
casks,177165
casky,10000
caste,1166877
casts,1645690
casus,56402
catch,20400979
cater,2092828
cates,476810
catty,107679
cauda,118554
cauks,10000
cauld,10000
caulk,245944
cauls,10000
caums,10000
caups,10000
cauri,10000
causa,249786
cause,65904680
cavas,10000
caved,182199
cavel,10000
caver,50776
caves,2355316
cavie,10000
cavil,27985
cawed,10000
cawks,10000
caxon,10000
cease,4081957
ceaze,10000
cebid,10000
cecal,43532
cecum,70881
cedar,9484993
ceded,316917
ceder,46829
cedes,59550
cedis,40486
ceiba,139880
ceili,82339
ceils,10000
celeb,4548138
cella,152229
celli,66365
cello,2358848
cells,44128080
celom,10000
celts,434287
cense,33401
cento,86902
cents,10301064
centu,31561
ceorl,10000
cepes,10000
cerci,10000
cered,10000
ceres,904726
cerge,24119
ceria,33549
ceric,10000
cerne,30479
ceroc,81480
ceros,10000
certs,596230
certy,10000
cesse,19821
cesta,146961
cesti,13726
cetes,10000
cetyl,88927
cezve,10000
chace,99271
chack,19946
chaco,467915
chado,31119
chads,80636
chafe,118832
chaff,294863
chaft,10000
chain,35928367
chair,40764005
chais,18222
chalk,2498505
chals,10000
champ,2867858
chams,15375
chana,172039
chang,4168927
chank,14570
chant,1374428
chaos,8690268
chape,10000
chaps,789805
chapt,94699
chara,159940
chard,459373
chare,20082
chark,10000
charm,10554644
charr,50499
chars,1627316
chart,35027490
chary,36745
chase,10971945
chasm,517410
chats,2666432
chave,91118
chavs,212867
chawk,10000
chaws,10000
chaya,83961
chays,37524
cheap,97049762
cheat,9903572
check,244491090
cheek,2681029
cheep,411919
cheer,3648929
chefs,2252629
cheka,32509
chela,106929
chelp,10000
chemo,536433
chems,39037
chere,74424
chert,129249
chess,8293823
chest,13516414
cheth,10000
chevy,5729809
chews,765973
chewy,412145
chiao,171626
chias,10000
chibs,10000
chica,698851
chich,23184
chick,7771502
chico,2212526
chics,129430
chide,66368
chief,45699591
chiel,36895
chiks,89439
child,119747393
chile,14372798
chili,4553187
chill,4489643
chimb,10000
chime,1115076
chimo,49195
chimp,978917
china,124472054
chine,374606
ching,1605671
chink,131531
chino,1007675
chins,206390
chips,13982676
chirk,37688
chirl,10000
chirm,10000
chiro,123068
chirp,240510
chirr,10000
chirt,10000
chiru,27919
chits,30328
chive,112120
chivs,10000
chivy,10000
chizz,10000
chock,508651
choco,233557
chocs,69794
chode,23345
chogs,10000
choil,10000
choir,5156247
choke,1448146
choko,10000
choky,13245
chola,61034
choli,64006
cholo,41445
chomp,263066
chons,10000
choof,10000
chook,55330
choom,10000
choon,114436
chops,1312600
chord,3123447
chore,565322
chose,9409845
chota,31788
chott,10000
chout,10000
choux,40291
chowk,166142
chows,54217
chubs,171399
chuck,9574825
chufa,10000
chuff,13831
chugs,31923
chump,270215
chums,223080
chunk,2371231
churl,20686
churn,694218
churr,10000
chuse,28372
chute,834005
chuts,10000
chyle,10000
chyme,10000
chynd,10000
cibol,10000
cided,29066
cider,1743446
cides,65521
ciels,10000
cigar,3993843
ciggy,10000
cilia,157701
cills,10000
cimar,10000
cimex,25209
cinch,427247
cinct,10000
cines,31971
cinqs,10000
cions,14448
cippi,10000
circa,3475462
circs,43924
cires,38841
cirls,10000
cirri,10000
cisco,27894293
cissy,73968
cists,17452
cital,10000
cited,11195944
citer,42011
cites,3151464
cives,10000
civet,65522
civic,10283668
civie,10000
civil,49495349
civvy,10000
clach,16123
clack,246726
clade,259453
clads,10000
claes,215104
clags,10000
claim,40085342
clame,10000
clamp,3639509
clams,758323
clang,187651
clank,265523
clans,1570521
claps,151414
clapt,10000
claro,244919
clart,10000
clary,292452
clash,3531117
clasp,1354393
class,191087771
clast,75845
clats,10000
claut,10000
clave,279866
clavi,10000
claws,1260902
clays,522200
clean,45381752
clear,88447610
cleat,371970
cleck,10000
cleek,27852
cleep,10000
clefs,111325
cleft,787981
clegs,10000
cleik,10000
clems,10000
clepe,10000
clept,10000
clerk,11923960
cleve,263089
clews,71501
click,536746424
clied,10000
clies,10000
cliff,5898886
clift,273901
climb,5697476
clime,63515
cline,1061564
cling,946281
clink,164177
clint,2481872
clipe,28987
clips,32846497
clipt,10000
clits,1037485
cloak,1450056
cloam,10000
clock,26624872
clods,47107
cloff,10000
clogs,910686
cloke,36907
clomb,10000
clomp,10000
clone,9284578
clonk,10000
clons,10000
cloop,34608
cloot,10000
clops,10000
close,107853068
clote,10000
cloth,9764137
clots,468861
cloud,11337220
clour,10000
clous,10000
clout,639706
clove,698870
clown,3081501
clows,10000
cloye,10000
cloys,10000
cloze,87246
clubs,34881779
cluck,134048
clued,125391
clues,2988321
cluey,10000
clump,345355
clung,365864
clunk,67116
clype,10000
cnida,10000
coach,24514961
coact,10000
coady,104312
coala,10000
coals,490751
coaly,10000
coapt,10000
coarb,10000
coast,47716394
coate,51688
coati,20528
coats,4107452
cobbs,142352
cobby,14436
cobia,73031
coble,187245
cobra,4412823
cobza,10000
cocas,10000
cocci,50999
cocco,68176
cocks,15043799
cocky,358614
cocoa,3557169
cocos,2354000
codas,15903
codec,3048388
coded,4330278
coden,571963
coder,1152037
codes,34503537
codex,1224930
codon,762548
coeds,673554
coffs,605245
cogie,10000
cogon,10000
cogue,10000
cohab,10000
cohen,6665722
cohoe,10000
cohog,10000
cohos,10000
coifs,10000
coign,10000
coils,1503707
coins,16449733
coirs,10000
coits,10000
coked,21657
cokes,97382
colas,145079
colby,1386754
colds,1175947
coled,10000
coles,1034873
coley,233644
colic,475478
colin,8807299
colls,23740
colly,46813
colog,10000
colon,5494297
color,112965658
colts,2092808
colza,14059
comae,10000
comal,156852
comas,104043
combe,282561
combi,1465296
combo,10592758
combs,1515329
comby,10000
comer,581184
comes,64256803
comet,3116034
comfy,1245404
comic,16695850
comix,1362567
comma,2711522
commo,57104
comms,972423
commy,10000
compo,550501
comps,873979
compt,33774
comte,412474
comus,55186
conch,379190
condo,6444848
coned,41397
cones,1538688
coney,568494
confs,70045
conga,312319
conge,10000
congo,9310976
conia,61871
conic,216832
conin,10000
conks,10000
conky,10000
conne,50322
conns,39954
conte,620643
conto,347030
conus,401144
convo,118920
cooch,50051
cooed,62292
cooee,25881
cooer,10000
cooey,10000
coofs,10000
cooks,2470395
cooky,32767
cools,659994
cooly,60526
coomb,10000
cooms,10000
coomy,10000
coons,147809
coops,144776
coopt,10000
coost,10000
coots,112876
cooze,10000
copal,85911
copay,251088
coped,171985
copen,55931
coper,22335
copes,184788
coppy,10000
copra,95887
copse,90567
copsy,10000
coqui,41162
coral,8818272
coram,251898
corbe,10000
corby,653551
cords,2380982
cored,217931
corer,96129
cores,1983675
corey,2588392
corgi,1063639
coria,85418
corks,206732
corky,318993
corms,48528
corni,10000
corno,67386
corns,182185
cornu,45380
corny,378659
corps,12150135
corse,400005
corso,993128
cosec,10000
cosed,10000
coses,34704
coset,87359
cosey,26452
cosie,10000
costa,23702154
coste,121681
costs,101090970
cotan,10000
coted,10000
cotes,205184
coths,10000
cotta,509908
cotts,31330
couch,4581367
coude,27331
cough,3451640
could,302311431
count,40345803
coupe,4874541
coups,234254
courb,10000
courd,10000
coure,10000
cours,1138194
court,127719981
couta,10000
couth,10000
coved,39880
coven,295821
cover,94501729
coves,264469
covet,219812
covey,720367
covin,10000
cowal,41438
cowan,1463253
cowed,89560
cower,95006
cowks,10000
cowls,39950
cowps,10000
cowry,23397
coxae,10000
coxal,10000
coxed,32256
coxes,34726
coxib,10000
coyau,10000
coyed,10000
coyer,15399
coyly,52174
coypu,10000
cozed,10000
cozen,35392
cozes,10000
cozey,12838
cozie,10000
craal,10000
crabs,1055615
crack,16633701
craft,16528294
crags,170586
craic,77993
craig,13480763
crake,107613
crame,10000
cramp,402123
crams,32544
crane,4888961
crank,2185208
crans,103198
crape,76001
craps,5943974
crapy,15414
crare,10000
crash,15302627
crass,408565
crate,2336818
crave,1199466
crawl,2859784
craws,10000
crays,22904
craze,962477
crazy,23032837
creak,124122
cream,25898758
credo,446499
creds,44604
creed,3398609
creek,38159464
creel,228934
creep,1811981
crees,79672
creme,1724183
crems,10000
crena,10000
crepe,768351
creps,10000
crept,588735
crepy,10000
cress,279364
crest,5477034
crewe,856635
crews,2986282
crias,10000
cribs,1423971
crick,362258
cried,4352198
crier,374599
cries,1878107
crime,40361756
crimp,640746
crims,44647
crine,10000
crios,10000
cripe,30106
crips,211540
crise,70718
crisp,3880385
crith,10000
crits,78587
croak,169181
croci,19604
crock,918524
crocs,260943
croft,1468213
crogs,10000
cromb,10000
crome,69081
crone,229759
cronk,88397
crons,10000
crony,137861
crook,1067661
crool,10000
croon,65773
crops,7931319
crore,1182812
cross,74230978
crost,10000
croup,149483
crout,14132
crowd,11409218
crown,16651038
crows,1294733
croze,14014
cruck,10000
crude,5119129
crudo,30151
cruds,10000
crudy,10000
cruel,4180956
crues,10000
cruet,95123
cruft,118000
crumb,673404
crump,328553
crunk,303067
cruor,10000
crura,10000
cruse,223824
crush,3576348
crust,2267452
crusy,10000
cruve,10000
crwth,10000
cryer,158006
crypt,1904607
ctene,10000
cubby,220112
cubeb,10000
cubed,426932
cuber,20073
cubes,1887321
cubic,5774261
cubit,133644
cuddy,218200
cuffo,10000
cuffs,1408615
cuifs,10000
cuing,24687
cuish,10000
cuits,23438
cukes,10000
culch,10000
culet,17895
culex,100163
culls,61020
cully,121207
culms,41591
culpa,278558
culti,27564
cults,791725
culty,47215
cumec,10000
cumin,612220
cundy,37743
cunei,10000
cunit,10000
cunts,1308527
cupel,10000
cupid,1061697
cuppa,155780
cuppy,10000
curat,10000
curbs,478423
curch,10000
curds,97052
curdy,10000
cured,1955657
curer,10000
cures,1489176
curet,10000
curfs,19951
curia,203518
curie,628416
curio,506765
curli,10000
curls,717837
curly,2231026
curns,10000
curny,10000
currs,10000
curry,4029540
curse,3982181
cursi,10000
curst,13364
curve,11071177
curvy,360365
cusec,10000
cushy,147465
cusks,10000
cusps,86926
cuspy,10000
cusso,10000
cusum,22557
cutch,10000
cuter,152750
cutes,10000
cutey,61070
cutie,3305791
cutin,10000
cutis,52575
cutto,10000
cutty,133995
cutup,10000
cuvee,160890
cuzes,10000
cwtch,10000
cyano,98740
cyans,10000
cyber,9289150
cycad,60893
cycas,33996
cycle,29585286
cyclo,328470
cyder,10000
cylix,10000
cymae,10000
cymar,10000
cymas,10000
cymes,10000
cymol,10000
cynic,525906
cysts,808464
cytes,24372
cyton,10000
czars,75932
daals,10000
dabba,36124
daces,10000
dacha,33545
dacks,10000
dadah,10000
dadas,10000
daddy,9211193
dados,181878
daffs,10000
daffy,268813
dagga,51615
daggy,10000
dagos,10000
dahls,10000
daiko,14522
daily,105837757
daine,17557
daint,10000
dairy,8781961
daisy,5124326
daker,10000
daled,10000
dales,678083
dalis,14260
dalle,178986
dally,142954
dalts,10000
daman,298839
damar,60420
dames,384012
damme,264150
damns,26728
damps,23436
dampy,10000
dance,51147967
dancy,104815
dandy,1098188
dangs,10000
danio,143619
danks,55601
danny,7664864
dants,24917
daraf,10000
darbs,10000
darcy,1073638
dared,942679
darer,10000
dares,526302
darga,10000
dargs,10000
daric,17063
daris,10000
darks,70225
darky,27826
darns,10000
darre,10000
darts,2290842
darzi,10000
dashi,31732
dashy,10000
datal,10000
dated,12707511
dater,89544
dates,38442243
datos,567059
datto,18838
datum,2226219
daube,18929
daubs,10000
dauby,10000
dauds,10000
dault,53322
daunt,38855
daurs,10000
dauts,10000
daven,61873
davit,57082
dawah,48953
dawds,10000
dawed,10000
dawen,10000
dawks,10000
dawns,194371
dawts,10000
dayan,130611
daych,10000
daynt,10000
dazed,503682
dazer,10000
dazes,10000
deads,28715
deair,10000
deals,91189968
dealt,6174968
deans,1202452
deare,53140
dearn,10000
dears,217282
deary,118782
deash,10000
death,83216831
deave,10000
deaws,10000
deawy,10000
debag,10000
debar,52384
debby,352940
debel,10000
debes,38385
debit,4633794
debts,4259542
debud,10000
debug,9581095
debur,10000
debus,41084
debut,7220643
debye,97054
decad,10000
decaf,456390
decal,2311933
decan,18435
decay,4956622
decko,10000
decks,4131188
decor,12098868
decos,10000
decoy,514956
decry,203238
dedal,10000
deeds,3636121
deedy,10000
deely,29517
deems,1307732
deens,10000
deeps,89493
deere,2113985
deers,85462
deets,28583
deeve,10000
deevs,10000
defat,10000
defer,1207925
deffo,19135
defis,10000
defog,10000
degas,454377
degum,10000
degus,21755
deice,10000
deids,10000
deify,19734
deign,94806
deils,10000
deism,105376
deist,70349
deity,1262430
deked,10000
dekes,10000
dekko,12832
delay,21911190
deled,10000
deles,10000
delfs,10000
delft,818200
delis,228848
dells,560024
delly,19642
delos,243468
delph,44880
delta,28051872
delts,40571
delve,640909
deman,69870
demes,12972
demic,138873
demit,10000
demob,10000
demoi,10000
demon,4602331
demos,4984806
dempt,10000
demur,45556
denar,55863
denay,10000
dench,215000
denes,77499
denet,10000
denim,4737554
denis,3155542
dense,5225392
dents,1075764
deoxy,208737
depot,9688338
depth,31879926
derat,10000
deray,25003
derby,6319608
dered,76120
deres,49777
derig,10000
derma,278422
derms,10000
derns,10000
derny,10000
deros,10000
derro,10000
derry,1348652
derth,10000
dervs,10000
desex,10000
deshi,38311
desis,26353
desks,3315227
desse,16062
deter,1887521
detox,2297343
deuce,970434
devas,107380
devel,28152649
devil,12869511
devis,66835
devon,6896016
devos,131748
devot,24904
dewan,170178
dewar,454917
dewax,10000
dewed,10000
dexes,10000
dexie,10000
dhaba,16049
dhaks,10000
dhals,10000
dhikr,31149
dhobi,10000
dhole,10000
dholl,10000
dhols,10000
dhoti,21870
dhows,13071
dhuti,10000
diact,10000
dials,719996
diane,7081367
diary,14922472
diazo,46955
dibbs,68305
diced,826353
dicer,48336
dices,114430
dicey,161963
dicht,22161
dicks,9280692
dicky,178722
dicot,89663
dicta,164449
dicts,67766
dicty,10000
diddy,734427
didie,10000
didos,10000
didst,335242
diebs,10000
diels,59558
diene,76972
diets,4207940
diffs,5870429
dight,14372
digit,6991045
dikas,10000
diked,21369
diker,10000
dikes,396736
dikey,10000
dildo,20789655
dilli,27978
dills,48131
dilly,161256
dimbo,10000
dimer,455104
dimes,788616
dimly,342692
dimps,10000
dinar,3399128
dined,290743
diner,2261961
dines,114059
dinge,54467
dingo,420174
dings,250449
dingy,255349
dinic,10000
dinks,36255
dinky,426751
dinna,41912
dinos,231419
dints,10000
diode,1897828
diols,20219
diota,10000
dippy,57914
dipso,22748
diram,10000
direr,10000
dirge,384505
dirke,10000
dirks,148968
dirls,10000
dirts,10000
dirty,16101662
disas,23302
disci,131778
disco,7067687
discs,10404995
dishy,28360
disks,6445126
disme,10000
dital,10000
ditas,10000
ditch,2373753
dited,10000
dites,32374
ditsy,21172
ditto,1386002
ditts,10000
ditty,281979
ditzy,66065
divan,457821
divas,1047835
dived,261166
diver,2452406
dives,1066624
divis,56674
divna,10000
divos,10000
divot,129847
divvy,33136
diwan,119704
dixie,2920964
dixit,322848
diyas,22839
dizen,10000
dizzy,1424316
djinn,187307
djins,10000
doabs,10000
doats,10000
dobby,161122
dobes,10000
dobie,162980
dobla,10000
dobra,295948
dobro,299212
docht,10000
docks,1534076
docos,10000
docus,10000
doddy,15957
dodge,14768509
dodgy,571643
dodos,19185
doeks,10000
doers,263783
doest,59645
doeth,127016
doffs,10000
dogan,78198
doges,19033
dogey,10000
doggo,10000
doggy,1048362
dogie,10000
dogma,1016614
dohyo,10000
doilt,10000
doily,131677
doing,80821946
doits,10000
dojos,34797
dolce,2283881
dolci,102168
doled,78428
doles,76967
dolia,10000
dolls,22065047
dolly,2266400
dolma,21677
dolor,703247
dolos,10000
dolts,28809
domal,10000
domed,441740
domes,676815
domic,10000
donah,10000
donas,22823
donee,106741
doner,60734
donga,37549
dongs,381527
donko,10000
donna,8058734
donne,720360
donny,627077
donor,7096675
donsy,10000
donut,836168
doobs,10000
dooce,268785
doody,189463
dooks,44077
doole,21883
dools,31626
dooly,62871
dooms,99351
doomy,24436
doona,43477
doorn,51985
doors,20229491
doozy,75350
dopas,10000
doped,646161
doper,13398
dopes,42277
dopey,169040
dorad,10000
dorba,10000
dorbs,10000
doree,20227
dores,51709
doric,123724
doris,2132988
dorks,146028
dorky,153891
dorms,464581
dormy,22337
dorps,10000
dorrs,10000
dorsa,10000
dorse,10000
dorts,10000
dorty,10000
dosai,10000
dosas,13105
dosed,197560
doseh,10000
doser,38761
doses,4717242
dosha,43861
dotal,10000
doted,31799
doter,10000
dotes,31347
dotty,234104
douar,16014
doubt,20311261
douce,152874
doucs,10000
dough,3032657
douks,10000
doula,220543
douma,34906
doums,10000
doups,10000
doura,10000
douse,82837
douts,10000
doved,10000
doven,10000
dover,5683356
doves,941403
dovie,23016
dowar,10000
dowds,14201
dowdy,161797
dowed,10000
dowel,285802
dower,181025
dowie,52916
dowle,10000
dowls,10000
dowly,10000
downa,10000
downs,4578206
downy,288639
dowps,10000
dowry,275011
dowse,52031
dowts,10000
doxed,10000
doxes,10000
doxie,49093
doyen,74532
doyly,10000
dozed,91195
dozen,9776227
dozer,275217
dozes,17178
drabs,16675
drack,10000
draco,688044
draff,10000
draft,35033621
drags,518855
drail,10000
drain,6411642
drake,4373046
drama,20939845
drams,136033
drank,1777243
drant,10000
drape,484861
draps,16206
drats,10000
drave,51731
drawl,112289
drawn,14827380
draws,5458448
drays,57222
dread,1649823
dream,33518573
drear,40377
dreck,76098
dreed,10000
dreer,10000
drees,74159
dregs,175993
dreks,10000
drent,10000
drere,10000
dress,27318959
drest,13039
dreys,10000
dribs,10000
drice,10000
dried,6331606
drier,679179
dries,894704
drift,3889505
drill,8248787
drily,27603
drink,29254937
drips,303778
dript,10000
drive,107799371
droid,469988
droil,10000
droit,750988
droke,15401
drole,24936
droll,196087
drome,145557
drone,725818
drony,10000
droob,10000
droog,35894
drook,10000
drool,539170
droop,156194
drops,8187657
dropt,16010
dross,154345
drouk,10000
drove,5545848
drown,1156106
drows,10000
drubs,16611
drugs,38827156
druid,1160196
drums,8560748
drunk,10519219
drupe,13260
druse,23371
drusy,10000
druxy,10000
dryad,119314
dryas,44723
dryer,5592001
dryly,96792
dsobo,10000
dsomo,10000
duads,10000
duals,255075
duans,10000
duars,10000
dubbo,361978
ducal,141276
ducat,39914
duces,142487
duchy,339003
ducks,3618693
ducky,471241
ducts,907928
duddy,64868
duded,10000
dudes,1144089
duels,212809
duets,754275
duett,16335
duffs,137632
dufus,26201
duing,10000
duits,51993
dukas,35678
duked,10000
dukes,1971678
dukka,10000
dulce,638505
dules,10000
dulia,10000
dulls,36301
dully,66436
dulse,32611
dumas,842623
dumbo,357766
dumbs,10000
dumka,16420
dumky,10000
dummy,3230609
dumps,1200377
dumpy,88067
dunam,10000
dunce,112570
dunch,10000
dunes,2088285
dungs,10000
dungy,161356
dunks,214757
dunno,1917052
dunny,75014
dunsh,10000
dunts,10000
duomi,10000
duomo,291121
duped,319795
duper,293268
dupes,123989
duple,29199
duply,10000
duppy,14299
dural,162445
duras,98445
dured,10000
dures,155000
durgy,10000
durns,10000
duroc,29926
duros,35849
duroy,10000
durra,10000
durrs,10000
durry,10000
durst,407334
durum,192040
durzi,10000
dusks,10000
dusky,390563
dusts,237576
dusty,2339959
dutch,19000979
duvet,1567578
duxes,10000
dwaal,10000
dwale,10000
dwalm,10000
dwams,10000
dwang,10000
dwarf,3072068
dwaum,10000
dweeb,58921
dwell,2014411
dwelt,512083
dwile,10000
dwine,10000
dyads,71474
dyers,89927
dying,9123557
dyked,10000
dykes,1060752
dykey,10000
dykon,10000
dynel,10000
dynes,68914
dzhos,10000
eager,4175668
eagle,16785232
eagre,10000
ealed,10000
eales,68801
eaned,10000
eards,28115
eared,513815
earls,649223
early,100013194
earns,1661937
earnt,26843
earst,10000
earth,61059905
eased,702343
easel,791426
easer,20995
eases,615614
easle,10000
easts,40013
eaten,3412832
eater,1702828
eathe,10000
eaved,10000
eaves,449278
ebbed,51173
ebbet,10000
ebons,10000
ebony,14831025
ebook,9558308
ecads,27731
eched,10000
eches,10000
echos,174213
eclat,123738
ecrus,10000
edema,873634
edged,1568009
edger,173335
edges,7826115
edict,382916
edify,69341
edile,10000
edits,4631228
educe,10000
educt,10000
eejit,10000
eensy,10000
eerie,772484
eeven,10000
eevns,10000
effed,10000
egads,41819
egers,10000
egest,10000
eggar,29112
egged,65964
egger,156232
egmas,10000
egret,394773
ehing,10000
eider,128336
eidos,538029
eight,32567724
eigne,10000
eiked,10000
eikon,18345
eilds,10000
eisel,18365
eject,935010
ejido,49671
eking,26695
ekkas,10000
elain,17472
eland,155343
elans,10000
elate,16161
elbow,3484326
elchi,10000
elder,7299470
eldin,28334
elect,5748899
elegy,295636
elemi,10000
elfed,10000
elfin,168528
eliad,24261
elide,23795
elint,21266
elite,12673836
elmen,10000
eloge,27904
elogy,10000
eloin,10000
elope,74984
elops,10000
elpee,10000
elsin,10000
elude,215496
elute,39723
elvan,10000
elven,543019
elver,10000
elves,1375481
emacs,5697594
email,443949646
embar,23437
embay,10000
embed,1217930
ember,488846
embog,10000
embow,10000
embox,10000
embus,10000
emcee,294621
emeer,10000
emend,47283
emerg,349219
emery,1251050
emeus,10000
emics,10000
emirs,10000
emits,508331
emmas,18069
emmer,71525
emmet,439231
emmew,10000
emmys,127878
emoji,10000
emong,10000
emote,168497
emove,10000
empts,24450
empty,26206017
emule,1826567
emure,10000
emyde,10000
emyds,10000
enact,1263603
enarm,10000
enate,15204
ended,32588866
ender,568591
endew,10000
endow,195844
endue,10000
enema,1329511
enemy,14084182
enews,898806
enfix,10000
eniac,74400
enjoy,50141455
enlit,10000
enmew,10000
ennog,10000
ennui,145576
enoki,23208
enols,10000
enorm,26155
enows,10000
enrol,878274
ensew,10000
ensky,10000
ensue,347067
enter,119394206
entia,10000
entry,80717798
enure,10000
enurn,10000
envoi,87197
envoy,1574245
enzym,10000
eorls,10000
eosin,81179
epact,52857
epees,10000
ephah,23285
ephas,10000
ephod,39569
ephor,10000
epics,462834
epoch,1680235
epode,10000
epopt,10000
epoxy,1908076
epris,10000
equal,34832354
eques,10000
equid,10000
equip,4044391
erase,3086642
erbia,10000
erect,2057313
erevs,10000
ergon,100011
ergos,10000
ergot,101361
erhus,10000
erica,2307054
erick,626971
erics,45651
ering,115156
erned,13864
ernes,10000
erode,774411
erose,10000
erred,943538
error,89396475
erses,10000
eruct,10000
erugo,10000
erupt,300083
eruvs,10000
erven,23279
ervil,10000
escar,10000
escot,10000
esile,10000
eskar,10000
esker,272809
esnes,10000
essay,11750312
esses,74013
ester,1581770
estoc,10000
estop,14849
estro,37611
etage,41383
etape,38928
etats,337234
etens,10000
ethal,10000
ether,1877315
ethic,1333320
ethne,23360
ethos,946491
ethyl,1339385
etics,10000
etnas,10000
ettin,10000
ettle,10000
etude,338721
etuis,10000
etwee,10000
etyma,10000
eughs,10000
euked,10000
eupad,10000
euros,6533754
eusol,10000
evade,605626
evens,223759
event,125515260
evert,249660
every,189325890
evets,10000
evhoe,10000
evict,211591
evils,1015737
evite,4214149
evohe,10000
evoke,804417
ewers,48288
ewest,10000
ewhow,10000
ewked,10000
exact,22304937
exalt,193526
exams,7364984
excel,14133468
exeat,10000
execs,676432
exeem,31485
exeme,10000
exert,1109622
exfil,10000
exies,96019
exile,2801261
exine,10000
exing,10000
exist,25349128
exits,1963047
exode,10000
exome,10000
exons,434997
expat,2324561
expel,467751
expos,1056760
extol,149713
extra,59377307
exude,141931
exuls,10000
exult,151420
exurb,10000
eyass,10000
eyers,10000
eying,31044
eyots,10000
eyras,10000
eyres,32122
eyrie,57520
eyrir,10000
ezine,3149621
fabby,10000
fable,1678751
faced,9938155
facer,53232
faces,15050854
facet,1221287
facia,351671
facta,71109
facts,36041603
faddy,10000
faded,1899648
fader,461088
fades,881747
fadge,10000
fados,10000
faena,10000
faery,339469
faffs,10000
faffy,10000
faggy,13682
fagin,102331
fagot,27790
faiks,10000
fails,12015364
faine,23695
fains,10000
faint,2565744
fairs,4091127
fairy,6435300
faith,35936559
faked,444208
faker,62739
fakes,1833800
fakey,10000
fakie,33214
fakir,68147
falaj,10000
falls,33213513
false,33476460
famed,1319098
fames,77940
fanal,10000
fancy,8777135
fands,10000
fanes,10000
fanga,10000
fango,19896
fangs,347216
fanks,10000
fanny,1516099
fanon,90753
fanos,10000
fanum,10000
faqir,14600
farad,96545
farce,727546
farci,10000
farcy,10000
fards,61736
fared,454064
farer,10000
fares,5093799
farle,10000
farls,10000
farms,9908537
faros,27882
farro,14425
farse,10000
farts,325011
fasci,10000
fasti,28179
fasts,144307
fatal,6779744
fated,427996
fates,519225
fatly,10000
fatso,78585
fatty,5363547
fatwa,347937
faugh,10000
fauld,10000
fault,13112664
fauna,2298940
fauns,76451
faurd,10000
fauts,10000
fauve,26199
favas,10000
favel,10000
faver,13674
faves,522653
favor,11867822
favus,10000
fawns,74673
fawny,10000
faxed,930853
faxes,3386604
fayed,67037
fayer,17406
fayne,10000
fayre,249513
fazed,102487
fazes,10000
feals,10000
feare,38620
fears,6244239
feart,10000
fease,10000
feast,4166016
feats,693557
feaze,10000
fecal,1032064
feces,639441
fecht,10000
fecit,28147
fecks,10000
fedex,4153858
feebs,10000
feeds,31593736
feels,12212683
feens,10000
feers,10000
feese,13589
feeze,10000
fehme,10000
feign,116753
feint,86983
feist,351412
felch,29748
felid,10000
fella,639391
fells,252935
felly,98609
felon,392714
felts,185685
felty,28295
femal,97346
femes,10000
femme,2521124
femmy,10000
femur,446209
fence,6796605
fends,34209
fendy,10000
fenis,10000
fenks,10000
fenny,38897
fents,10000
feods,10000
feoff,10000
feral,897865
ferer,10000
feres,16519
feria,214175
ferly,10000
fermi,789613
ferms,10000
ferns,717875
ferny,88255
ferry,9208954
fesse,21134
festa,580029
fests,105297
festy,10000
fetal,3127968
fetas,10000
fetch,2897593
feted,72254
fetes,110094
fetid,75712
fetor,10000
fetta,10000
fetts,10000
fetus,1744267
fetwa,10000
feuar,10000
feuds,158477
feued,10000
fever,8582665
fewer,10792786
feyed,10000
feyer,10000
feyly,10000
fezes,10000
fezzy,10000
fiars,10000
fiats,10000
fiber,15530318
fibre,5134463
fibro,103901
fices,23311
fiche,837884
fichu,10000
ficin,10000
ficos,10000
ficus,278867
fides,227901
fidge,10000
fidos,10000
fiefs,22735
field,135289140
fiend,670385
fient,10000
fiere,33598
fiers,39852
fiery,1838655
fiest,10000
fifed,10000
fifer,41451
fifes,21173
fifis,10000
fifth,16255266
fifty,8133138
figgy,28656
fight,30784313
figos,10000
fiked,10000
fikes,35149
filar,10000
filch,37497
filed,30718907
filer,702264
files,125524478
filet,550472
filii,31954
filks,10000
fille,303542
fillo,10000
fills,2630389
filly,499537
filmi,70954
films,35200065
filmy,657205
filos,10000
filth,2077997
filum,10000
final,97649084
finca,360811
finch,1816047
finds,16280898
fined,1620321
finer,1455912
fines,3270544
finis,183173
finks,30098
finny,74417
finos,15235
fiord,88109
fiqhs,10000
fique,14495
fired,8031937
firer,26208
fires,6407259
firie,10000
firks,10000
firms,25497302
firns,10000
firry,10000
first,578161543
firth,927276
fiscs,10000
fishy,658490
fisks,10000
fists,979557
fisty,14154
fitch,1518593
fitly,39568
fitna,10000
fitte,10000
fitts,123463
fiver,141567
fives,433791
fixed,49215402
fixer,554896
fixes,7513516
fixit,118592
fizzy,194519
fjeld,19150
fjord,387543
flabs,10000
flack,408860
flaff,10000
flags,14870655
flail,155382
flair,1924190
flake,847014
flaks,10000
flaky,442666
flame,8527495
flamm,42179
flams,10000
flamy,10000
flane,10000
flank,910609
flans,21660
flaps,1163036
flare,2190533
flary,10000
flash,68391647
flask,1150132
flats,4911343
flava,265029
flawn,10000
flaws,2856172
flawy,10000
flaxy,10000
flays,19928
fleam,10000
fleas,668194
fleck,454043
fleek,10000
fleer,502699
flees,244621
fleet,10364423
flegs,10000
fleme,10000
flesh,6768724
fleur,1056974
flews,10000
flexi,756518
flexo,176393
fleys,10000
flick,2226500
flics,97473
flied,858118
flier,542812
flies,4894680
flimp,10000
flims,74117
fling,682999
flint,3230800
flips,598531
flirs,10000
flirt,1817719
flisk,10000
flite,442097
flits,40623
flitt,10000
float,8808655
flobs,10000
flock,2585098
flocs,15523
floes,47050
flogs,23265
flong,10000
flood,13979267
floor,53759851
flops,997539
flora,4756211
flors,10000
flory,140569
flosh,10000
floss,1013783
flota,10000
flote,10000
flour,5162842
flout,72396
flown,1749635
flows,10797166
flubs,53909
flued,10000
flues,79163
fluey,10000
fluff,814535
fluid,12943336
fluke,1168887
fluky,10000
flume,173970
flump,10000
flung,838045
flunk,79790
fluor,327545
flurr,10000
flush,5625285
flute,4090740
fluty,10000
fluyt,10000
flyby,188696
flyer,5718564
flype,10000
flyte,47235
foals,382728
foams,351933
foamy,226531
focal,5844761
focus,65626732
foehn,10000
fogey,69046
foggy,704386
fogie,10000
fogle,101746
fogou,10000
fohns,10000
foids,10000
foils,533300
foins,10000
foist,55908
folds,2282227
foley,2314106
folia,169908
folic,1050468
folie,185419
folio,1842202
folks,13760930
folky,161177
folly,1367992
fomes,10000
fonda,997617
fonds,833672
fondu,41338
fones,56983
fonly,10000
fonts,11884559
foods,21150689
foody,40829
fools,3167945
foots,90698
footy,512263
foram,200416
foray,499808
forbs,103746
forby,10000
force,79199815
fordo,10000
fords,386914
forel,56728
fores,105776
forex,3977390
forge,5226805
forgo,340426
forks,3592612
forky,10000
forme,544011
forms,63561604
forte,1795408
forth,20149609
forts,737169
forty,7415064
forum,254478181
forza,444920
forze,16078
fossa,205501
fosse,228402
fouat,10000
fouds,10000
fouer,10000
fouet,10000
foule,23875
fouls,830765
found,232005894
fount,135738
fours,583578
fouth,20702
fovea,71302
fowls,147855
fowth,10000
foxed,54921
foxes,801589
foxie,18525
foyer,1042532
foyle,197311
foyne,10000
frabs,10000
frack,25385
fract,36618
frags,167627
frail,696174
fraim,10000
frame,46079991
franc,4916960
frank,31392284
frape,10000
fraps,76522
frass,17220
frate,24184
frati,21465
frats,26636
fraud,15378751
fraus,10000
frays,17669
freak,3908219
freed,2683280
freer,534734
frees,888094
freet,14425
freit,10000
fremd,22321
frena,10000
freon,178783
frere,176281
fresh,38781893
frets,327989
friar,422181
fribs,10000
fried,4364192
frier,29815
fries,2119656
frigs,10000
frill,99652
frise,203691
frisk,152512
frist,1284684
frith,584571
frits,120455
fritt,10000
fritz,2309089
frize,10000
frizz,128481
frock,185379
froes,10000
frogs,2326307
frond,86555
frons,10000
front,100886343
frore,10000
frorn,10000
frory,10000
frosh,248077
frost,5940685
froth,278469
frown,742356
frows,10000
frowy,10000
froze,594804
frugs,17289
fruit,22767191
frump,17084
frush,62180
frust,10000
fryer,866546
fubar,171893
fubby,10000
fubsy,10000
fucks,3058134
fucus,55113
fuddy,46030
fudge,1969555
fudgy,42078
fuels,4657731
fuero,10000
fuffs,10000
fuffy,10000
fugal,30257
fuggy,10000
fugie,10000
fugio,10000
fugle,10000
fugly,117114
fugue,400733
fugus,10000
fujis,10000
fulls,23358
fully,48616832
fumed,109154
fumer,16052
fumes,956671
fumet,10000
fundi,27189
funds,55721876
fundy,234370
fungi,2000715
fungo,41280
fungs,10000
funks,21067
funky,5587279
funny,34281806
fural,10000
furan,96177
furca,10000
furls,10000
furol,10000
furor,177433
furrs,10000
furry,1887389
furth,83270
furze,48262
furzy,10000
fused,1359038
fusee,41659
fusel,10000
fuses,984514
fusil,13517
fusks,10000
fussy,435961
fusts,10000
fusty,14545
futon,1278430
fuzed,10000
fuzee,10000
fuzes,14886
fuzil,10000
fuzzy,5241931
fyces,10000
fyked,10000
fykes,10000
fyles,10000
fyrds,10000
fytte,10000
gabba,761144
gabby,336756
gable,790611
gaddi,27337
gades,22004
gadge,10000
gadid,10000
gadis,77158
gadje,10000
gadjo,15707
gadso,10000
gaffe,132748
gaffs,36976
gaged,43017
gager,22394
gages,395070
gaids,10000
gaily,131276
gains,10137566
gairs,10000
gaita,16673
gaits,68049
gaitt,10000
gajos,10000
galah,17753
galas,150294
galax,171399
galea,84109
galed,10000
gales,388808
galls,296535
gally,44736
galop,40586
galut,10000
galvo,10000
gamas,10000
gamay,45134
gamba,161217
gambe,14580
gambo,21101
gambs,10000
gamed,90910
gamer,3144985
games,305930896
gamey,31934
gamic,10000
gamin,141727
gamma,35426622
gamme,116430
gammy,10000
gamps,10000
gamut,553397
ganch,10000
gandy,227271
ganef,10000
ganev,10000
gangs,1743105
ganja,240308
ganof,10000
gants,53220
gaols,15170
gaped,67468
gaper,29551
gapes,90458
gapos,10000
gappy,10000
garbe,31214
garbo,226734
garbs,37010
garda,866274
gares,10000
garis,42928
garms,10000
garni,173084
garre,10000
garth,2176273
garum,10000
gases,4277836
gasps,203961
gaspy,10000
gassy,63283
gasts,10000
gatch,13148
gated,1426083
gater,38694
gates,10734618
gaths,10000
gator,1536519
gauch,17474
gaucy,10000
gauds,10000
gaudy,248813
gauge,9952466
gauje,10000
gault,215308
gaums,10000
gaumy,10000
gaunt,338487
gaups,10000
gaurs,10000
gauss,798776
gauze,556178
gauzy,43269
gavel,352668
gavot,10000
gawcy,10000
gawds,10000
gawks,10000
gawky,31136
gawps,10000
gawsy,10000
gayal,10000
gayer,62075
gayly,29264
gazal,13226
gazar,10000
gazed,555917
gazer,129741
gazes,156793
gazon,26247
gazoo,10000
geals,10000
geans,10000
geare,10000
gears,2626927
geats,14738
gebur,10000
gecko,1230211
gecks,10000
geeks,2710575
geeky,987806
geeps,10000
geese,1299115
geest,56760
geist,415207
geits,10000
gelds,10000
gelee,31457
gelid,10000
gelly,26858
gelts,10000
gemel,10000
gemma,608694
gemmy,53707
gemot,10000
genal,10000
genas,10000
genes,12396954
genet,1332113
genic,65795
genie,1627726
genii,72886
genip,10000
genny,157335
genoa,1548016
genom,147512
genre,22344091
genro,10000
gents,1239020
genty,10000
genua,29699
genus,4275567
geode,166060
geoid,102915
gerah,10000
gerbe,50674
geres,10000
gerle,10000
germs,888353
germy,10000
gerne,105865
gesse,10000
gesso,88099
geste,47991
gests,62994
getas,10000
getup,23481
geums,10000
geyan,10000
geyer,241654
ghast,159837
ghats,89465
ghaut,16083
ghazi,241650
ghees,10000
ghest,10000
ghost,14490042
ghoul,247064
ghyll,123412
giant,17098874
gibed,10000
gibel,10000
giber,10000
gibes,10000
gibli,10000
gibus,10000
giddy,483433
gifts,95412416
gigas,90433
gighe,10000
gigot,39052
gigue,39029
gilas,10000
gilds,15396
gilet,84043
gills,400858
gilly,171141
gilpy,10000
gilts,146810
gimel,16276
gimme,1471759
gimps,52802
gimpy,46387
ginch,33850
ginge,15812
gings,29873
ginks,10000
ginny,995339
ginzo,10000
gipon,10000
gippo,10000
gippy,10000
gipsy,387772
girds,16916
girls,132325396
girly,778626
girns,10000
giron,53771
giros,21152
girrs,10000
girsh,10000
girth,492919
girts,10000
gismo,10000
gisms,10000
gists,46570
gitch,10000
gites,289297
giust,10000
gived,10000
given,125542966
giver,698546
gives,45649146
gizmo,811158
glace,348348
glade,1168016
glads,22012
glady,47349
glaik,10000
glair,10000
glams,10000
gland,2561362
glans,127535
glare,1567097
glary,10000
glass,63559754
glaum,10000
glaur,10000
glaze,1431525
glazy,10000
gleam,356949
glean,232952
gleba,10000
glebe,371095
gleby,10000
glede,10000
gleds,10000
gleed,19458
gleek,10000
glees,10000
gleet,10000
gleis,10000
glens,489161
glent,10000
gleys,10000
glial,308665
glias,10000
glibs,10000
glide,1731344
gliff,10000
glift,10000
glike,10000
glime,10000
glims,10000
glint,272373
glisk,10000
glits,10000
glitz,363646
gloam,10000
gloat,113594
globe,14554904
globi,10000
globs,76001
globy,10000
glode,10000
glogg,52283
gloms,10000
gloom,878018
gloop,25416
glops,10000
glory,13158826
gloss,3426618
glost,10000
glout,10000
glove,4714578
glows,372911
gloze,10000
glued,975384
gluer,10000
glues,428787
gluey,13442
glugs,10000
glume,57779
glums,10000
gluon,389852
glute,20171
gluts,10000
glyph,632257
gnarl,10000
gnarr,10000
gnars,10000
gnash,60339
gnats,527105
gnawn,10000
gnaws,27374
gnome,12609820
gnows,10000
goads,49971
goafs,10000
goals,36766773
goary,10000
goats,2184919
goaty,10000
goban,10000
gobar,10000
gobbi,50563
gobbo,26246
gobby,38152
gobis,10000
gobos,47193
godet,20707
godly,725475
godso,10000
goels,10000
goers,452132
goest,54161
goeth,149310
goety,10000
gofer,30932
goffs,22441
gogga,10000
gogos,32011
goier,10000
going,155284081
gojis,10000
golds,333197
goldy,101899
golem,444797
goles,10000
golfs,37851
golly,329846
golpe,47267
golps,10000
gombo,10000
gomer,150383
gompa,39410
gonad,95676
gonch,33946
gonef,10000
goner,80810
gongs,121530
gonia,10000
gonif,10000
gonks,10000
gonna,13542156
gonof,10000
gonys,10000
gonzo,1046835
gooby,16325
goods,52507183
goody,733518
gooey,335656
goofs,594965
goofy,1187234
googs,13989
gooks,42729
gooky,10000
goold,70648
gools,41866
gooly,13620
goons,258119
goony,20285
goops,22403
goopy,18459
goors,10000
goory,10000
goose,3739382
goosy,10000
gopak,10000
gopik,10000
goral,22229
goras,10000
gored,73382
gores,83507
gorge,1950264
goris,25809
gorms,10000
gormy,10000
gorps,10000
gorse,178549
gorsy,10000
gosht,10000
gosse,97083
gotch,52814
goths,289217
gothy,10000
gotta,6870320
gouch,10000
gouge,240551
gouks,10000
goura,10000
gourd,502106
gouts,10000
gouty,59461
gowan,112945
gowds,10000
gowfs,10000
gowks,10000
gowls,10000
gowns,2217657
goxes,10000
goyim,39630
goyle,38131
graal,135956
grabs,1763328
grace,17642126
grade,54275130
grads,836760
graff,466226
graft,1576259
grail,1122474
grain,10244623
graip,10000
grama,100793
grame,10000
gramp,27822
grams,5240826
grana,68072
grand,56599468
grans,44562
grant,47609624
grape,3638159
graph,15526746
grapy,10000
grasp,3270025
grass,12868953
grate,672155
grave,6929008
gravs,10000
gravy,1441099
grays,888341
graze,364990
great,301487430
grebe,332810
grebo,10000
grece,47284
greed,1997460
greek,25059132
green,108287905
grees,31089
greet,1784219
grege,10000
grego,41299
grein,22178
grens,17393
grese,10000
greve,203902
grews,10000
greys,310921
grice,225915
gride,10000
grids,1562935
grief,4552843
griff,272880
grift,10000
grigs,10000
grike,10000
grill,10254124
grime,514156
grimy,139160
grind,2482307
grins,412096
griot,93385
gripe,545043
grips,2629556
gript,10000
gripy,10000
grise,64238
grist,519954
grisy,10000
grith,10000
grits,445581
grize,10000
groan,473578
groat,94121
grody,14446
grogs,10000
groin,784476
groks,109301
groma,10000
grone,10000
groof,10000
groom,2637912
grope,160148
gross,16440590
grosz,94226
grots,10000
grouf,10000
group,321842984
grout,628986
grove,15189493
grovy,10000
growl,461820
grown,13931521
grows,5899321
grrls,38041
grrrl,124042
grubs,155690
grued,10000
gruel,82196
grues,10000
grufe,10000
gruff,237505
grume,10000
grump,77025
grund,156242
grunt,616546
gryce,20104
gryde,10000
gryke,10000
grype,10000
grypt,10000
guaco,10000
guana,48251
guano,191918
guans,10000
guard,21137924
guars,10000
guava,259541
gucks,10000
gucky,10000
gudes,10000
guess,28743465
guest,55293215
guffs,10000
gugas,10000
guide,213378807
guids,60857
guild,7923630
guile,1026260
guilt,3623942
guimp,10000
guiro,30477
guise,767344
gulag,261761
gular,35915
gulas,10000
gulch,647573
gules,206933
gulet,96196
gulfs,53210
gulfy,10000
gulls,485882
gully,800734
gulph,20956
gulps,55790
gulpy,10000
gumbo,467464
gumma,22711
gummi,202615
gummy,281705
gumps,10000
gundy,105598
gunge,22183
gungy,10000
gunks,32641
gunky,10000
gunny,148136
guppy,233792
guqin,10000
gurdy,64629
gurge,10000
gurls,95876
gurly,10000
gurns,10000
gurry,19106
gursh,10000
gurus,1217822
gushy,24488
gusla,10000
gusle,10000
gusli,10000
gussy,10000
gusto,512932
gusts,1147366
gusty,202515
gutsy,213692
gutta,78367
gutty,10000
guyed,30888
guyle,10000
guyot,92473
guyse,10000
gwine,25691
gyals,10000
gyans,10000
gybed,10000
gybes,10000
gyeld,10000
gymps,10000
gynae,29598
gynie,10000
gynny,10000
gynos,23629
gyoza,30716
gypos,10000
gyppo,10000
gyppy,10000
gypsy,2201227
gyral,10000
gyred,10000
gyres,18626
gyron,10000
gyros,219254
gyrus,240316
gytes,10000
gyved,10000
gyves,10000
haafs,10000
haars,10000
habit,4880657
hable,59899
habus,10000
hacek,10000
hacks,3348166
hadal,10000
haded,10000
hades,536971
hadji,71389
hadst,101518
haems,10000
haets,10000
haffs,10000
hafiz,173633
hafts,10000
haggs,10000
hahas,22134
haick,10000
haika,10000
haiks,10000
haiku,1557648
hails,590036
haily,10000
hains,31365
haint,10000
hairs,1258412
hairy,19060619
haith,17021
hajes,10000
hajis,10000
hajji,34398
hakam,19201
hakas,10000
hakea,25068
hakes,31941
hakim,438778
hakus,10000
halal,376059
haled,15691
haler,10000
hales,367827
halfa,15118
halfs,21434
halid,10000
hallo,537426
halls,4607236
halma,40013
halms,10000
halon,182546
halos,356716
halse,58579
halts,427571
halva,31605
halve,240290
halwa,25564
hamal,10000
hamba,10000
hamed,140687
hames,159559
hammy,87772
hamza,374290
hanap,10000
hance,159430
hanch,10000
hands,49087727
handy,7936655
hangi,25667
hangs,2287111
hanks,1199778
hanky,287363
hansa,226295
hanse,64595
hants,504165
haole,34588
haoma,10000
hapax,13596
haply,115439
happi,48438
happy,63471922
hapus,21083
haram,142104
hards,101311
hardy,4748572
hared,10000
harem,435962
hares,270712
harim,21493
harks,46663
harls,10000
harms,954384
harns,10000
haros,10000
harps,302084
harpy,107008
harry,33867934
harsh,4087715
harts,131060
hashy,10000
hasks,10000
hasps,24335
hasta,561700
haste,1059853
hasty,700024
hatch,3896261
hated,3173792
hater,467834
hates,2034161
hatha,253103
hauds,10000
haufs,10000
haugh,69060
hauld,10000
haulm,10000
hauls,154079
hault,10000
hauns,10000
haunt,985188
hause,118666
haute,1863024
haven,10569212
haver,90916
haves,554576
havoc,1692191
hawed,14625
hawks,3117529
hawms,10000
hawse,19238
hayed,10000
hayer,26443
hayey,10000
hayle,99457
hazan,52114
hazed,31148
hazel,2841268
hazer,21768
hazes,67509
heads,18400524
heady,434375
heald,305244
heals,666561
heame,10000
heaps,937059
heapy,10000
heard,45436523
heare,31450
hears,1737280
heart,90249265
heast,10000
heath,6139151
heats,1105492
heave,296454
heavy,37668153
heben,10000
hebes,10000
hecht,465975
hecks,17000
heder,64115
hedge,4041429
hedgy,10000
heeds,31805
heedy,10000
heels,4907543
heeze,10000
hefte,25798
hefts,10000
hefty,905281
heids,10000
heigh,81875
heils,10000
heirs,1489908
heist,419629
hejab,10000
hejra,10000
heled,10000
heles,10000
helio,249588
helix,2921411
hello,32960381
hells,480906
helms,805535
helos,17225
helot,10000
helps,29607993
helve,10000
hemal,10000
hemes,41315
hemic,14132
hemin,40119
hemps,10000
hempy,10000
hence,14992334
hench,57115
hends,10000
henge,130779
henna,646514
henny,142676
henry,28769085
hents,10000
hepar,15186
herbs,8271850
herby,98109
herds,889724
heres,978028
herls,10000
herma,77943
herms,29538
herns,10000
heron,1576813
heros,574043
herry,22044
herse,10000
hertz,1752925
herye,10000
hesps,10000
hests,10000
hetes,10000
heths,10000
heuch,10000
heugh,10000
hevea,58655
hewed,37071
hewer,29077
hewgh,10000
hexad,10000
hexed,28804
hexer,10000
hexes,145736
hexyl,47095
heyed,10000
hiant,10000
hicks,2503430
hided,10000
hider,89689
hides,1700672
hiems,10000
highs,7468394
hight,281662
hijab,290111
hijra,76751
hiked,321931
hiker,676389
hikes,1491709
hikoi,10000
hilar,47448
hilch,10000
hillo,10000
hills,25770218
hilly,511265
hilts,51962
hilum,19592
hilus,10000
himbo,10000
hinau,10000
hinds,621387
hinge,1758893
hings,13170
hinky,16281
hinny,10000
hints,8393784
hiois,10000
hiply,10000
hippo,1146063
hippy,608617
hired,6526426
hiree,10000
hirer,147904
hires,1845244
hissy,87568
hists,10000
hitch,2730000
hithe,10000
hived,10000
hiver,158244
hives,922837
hizen,10000
hoaed,10000
hoagy,68416
hoard,433375
hoars,10000
hoary,400092
hoast,10000
hobby,8237250
hobos,83858
hocks,71483
hocus,161938
hodad,10000
hodja,10000
hoers,10000
hogan,2600534
hogen,16248
hoggs,12981
hoghs,10000
hohed,10000
hoick,10000
hoied,10000
hoiks,10000
hoing,10000
hoise,37918
hoist,905107
hokas,10000
hoked,10000
hokes,50451
hokey,204777
hokis,10000
hokku,10000
hokum,57068
holds,18963546
holed,259059
holes,11529280
holey,85208
holks,10000
holla,565475
hollo,23109
holly,6834032
holme,260062
holms,33562
holon,104017
holos,36828
holts,77400
homas,68844
homed,170394
homer,4281428
homes,66753480
homey,233113
homie,852384
homme,1967874
homos,83610
honan,53486
honda,18261029
honds,10000
honed,426659
honer,23567
hones,94922
honey,9978043
hongi,10000
hongs,10000
honks,27247
honky,536122
honor,16787246
hooch,201647
hoods,2240850
hoody,647288
hooey,51491
hoofs,112318
hooka,62777
hooks,4023408
hooky,81957
hooly,10000
hoons,10000
hoops,2438525
hoord,10000
hoors,10000
hoosh,10000
hoots,225519
hooty,10000
hoove,10000
hopak,10000
hoped,5086531
hoper,10000
hopes,9462715
hoppy,178655
horah,10000
horal,10000
horas,255233
horde,3026646
horis,10000
horks,10000
horme,10000
horns,2427037
horny,12363955
horse,58453720
horst,775209
horsy,10000
hosed,198644
hosel,25789
hosen,120694
hoser,50554
hoses,1416325
hosey,34108
hosta,322160
hosts,12228736
hotch,27629
hotel,297974790
hoten,10000
hotly,364264
hotty,116296
houff,10000
houfs,10000
hough,507632
hound,2228633
houri,10000
hours,198242904
house,231310420
houts,18304
hovea,19107
hoved,10000
hovel,76694
hoven,74213
hover,1553261
hoves,10000
howbe,10000
howdy,726642
howes,378115
howff,10000
howfs,10000
howks,10000
howls,203629
howre,10000
howso,10000
hoxed,10000
hoxes,10000
hoyas,342866
hoyed,10000
hoyle,736006
hubby,1080886
hucks,15491
hudna,17539
hudud,10000
huers,10000
huffs,14876
huffy,225112
huger,59310
huggy,101649
huhus,10000
huias,10000
hulas,10000
hules,10000
hulks,44989
hulky,10000
hullo,78656
hulls,422721
hully,12736
human,160573748
humas,10000
humfs,10000
humic,156383
humid,1026485
humor,18085495
humph,60767
humps,1492758
humpy,45823
humus,186734
hunch,327195
hunks,4776866
hunky,279599
hunts,1310081
hurds,10000
hurls,63654
hurly,44789
hurra,46164
hurry,3536968
hurst,1509915
hurts,2956264
hushy,10000
husks,147291
husky,1606901
husos,10000
hussy,85775
hutch,1373107
hutia,10000
huzza,10000
huzzy,10000
hwyls,10000
hydra,936887
hydro,3725464
hyena,268889
hyens,10000
hygge,10000
hying,10000
hykes,10000
hylas,34950
hyleg,10000
hyles,27756
hylic,10000
hymen,341598
hymns,1409831
hynde,55766
hyoid,29523
hyped,648758
hyper,3153749
hypes,40997
hypha,12873
hyphy,10000
hypos,10000
hyrax,28208
hyson,25651
hythe,216045
iambi,10000
iambs,10000
ibrik,10000
icers,39847
iched,10000
iches,10000
ichor,22795
icier,10000
icily,21127
icing,1277602
icker,10000
ickle,61207
icons,13649671
ictal,24270
ictic,10000
ictus,20839
idant,10000
ideal,26036289
ideas,67309657
idees,16744
ident,808896
idiom,554390
idiot,4635830
idled,77146
idler,358013
idles,50456
idola,10000
idols,1147911
idyll,120651
idyls,10000
iftar,39882
igapo,10000
igged,10000
igloo,397625
iglus,10000
ihram,31412
ikans,10000
ikats,10000
ikons,10000
ileac,10000
ileal,102919
ileum,178356
ileus,55520
iliac,181298
iliad,364994
ilial,10000
ilium,95618
iller,50306
illth,10000
image,197874283
imago,307167
imams,178887
imari,105569
imaum,10000
imbar,10000
imbed,26877
imbue,105068
imide,25264
imido,10000
imids,10000
imine,24076
imino,32549
immew,10000
immit,10000
immix,10000
imped,12973
impel,86447
impis,10000
imply,4491299
impot,10000
impro,80874
imshi,10000
imshy,10000
inane,319343
inapt,16009
inarm,10000
inbox,5845223
inbye,10000
incel,10000
incle,10000
incog,10000
incur,1984112
incus,37616
incut,10000
indew,10000
index,242826246
india,87391857
indie,7722085
indol,22293
indow,21149
indri,58805
indue,10000
inept,458533
inerm,10000
inert,935898
infer,1104540
infix,166395
infos,1980341
infra,1426499
ingan,56187
ingle,269023
ingot,234052
inion,20026
inked,406603
inker,103849
inkle,10000
inlay,965778
inlet,3433125
inned,10000
inner,17552078
innit,119107
inorb,10000
input,57191675
inrun,10000
inset,1162898
inspo,10000
intel,28995654
inter,15269346
intil,12721
intis,10000
intra,3081776
intro,11938092
inula,21681
inure,119454
inurn,10000
inust,10000
invar,45261
inwit,10000
iodic,10000
iodid,10000
iodin,10000
ionic,1808092
iotas,10000
ippon,35894
irade,10000
irate,256072
irids,10000
iring,10000
irked,123287
iroko,29265
irone,10000
irons,3116159
irony,2212193
isbas,10000
ishes,16410
isled,10000
isles,3443470
islet,488105
isnae,10000
issei,24630
issue,128427156
istle,10000
itchy,1181967
items,330505325
ither,26653
ivied,10000
ivies,33473
ivory,7146685
ixias,10000
ixnay,10000
ixora,14315
ixtle,10000
izard,90328
izars,10000
izzat,28845
jaaps,10000
jabot,22262
jacal,10000
jacks,2818856
jacky,395853
jaded,576218
jades,88101
jafas,10000
jaffa,347022
jagas,10000
jager,261574
jaggs,10000
jaggy,41772
jagir,10000
jagra,10000
jails,731402
jaker,10000
jakes,307048
jakey,16541
jalap,10000
jalop,10000
jambe,26069
jambo,89125
jambs,55394
jambu,10000
james,90535679
jammy,117557
jamon,79218
janes,624883
janns,10000
janny,48039
janty,10000
japan,81110725
japed,10000
japer,10000
japes,10000
jarks,10000
jarls,10000
jarps,10000
jarta,10000
jarul,10000
jasey,10000
jaspe,10000
jasps,10000
jatos,10000
jauks,10000
jaunt,180434
jaups,10000
javas,10000
javel,10000
jawan,26233
jawed,139535
jaxie,10000
jazzy,849457
jeans,11896655
jeats,10000
jebel,142078
jedis,17904
jeels,10000
jeely,10000
jeeps,359631
jeers,165473
jeeze,33131
jefes,10000
jeffs,151846
jehad,30996
jehus,10000
jelab,10000
jello,685368
jells,10000
jelly,3698541
jembe,10000
jemmy,35798
jenny,6118544
jeons,10000
jerid,10000
jerks,794019
jerky,763325
jerry,13908229
jesse,6744751
jests,59513
jesus,34929061
jetes,10000
jeton,17064
jetty,765224
jeune,558399
jewed,10000
jewel,5603871
jewie,10000
jhala,10000
jiaos,10000
jibba,10000
jibbs,10000
jibed,10000
jiber,10000
jibes,49492
jiffs,10000
jiffy,475865
jiggy,141701
jigot,10000
jihad,2048833
jills,40192
jilts,10000
jimmy,13030009
jimpy,10000
jingo,82827
jinks,137967
jinne,10000
jinni,19391
jinns,21569
jirds,10000
jirga,102021
jirre,10000
jisms,10000
jived,10000
jiver,10000
jives,21944
jivey,10000
jnana,83033
jobed,10000
jobes,55138
jocko,70519
jocks,1014285
jocky,10000
jocos,10000
jodel,14440
joeys,38283
johns,5610302
joins,5578553
joint,38827057
joist,194739
joked,454255
joker,1492319
jokes,14622894
jokey,56949
jokol,10000
joled,10000
joles,28157
jolls,10000
jolly,2522092
jolts,103839
jolty,10000
jomon,29102
jomos,10000
jones,39297134
jongs,10000
jonty,45085
jooks,10000
joram,113213
jorum,10000
jotas,10000
jotty,10000
jotun,30849
joual,10000
jougs,10000
jouks,10000
joule,243810
jours,639577
joust,160309
jowar,10000
jowed,10000
jowls,30028
jowly,10000
joyed,22666
jubas,10000
jubes,10000
jucos,10000
judas,1224674
judge,30905832
judgy,10000
judos,10000
jugal,20650
jugum,10000
juice,10973425
juicy,3778910
jujus,10000
juked,10000
jukes,121710
jukus,10000
julep,93700
jumar,10000
jumbo,3237095
jumby,21158
jumps,2793122
jumpy,168187
junco,107991
junks,54989
junky,384718
junta,629394
junto,128329
jupes,22789
jupon,10000
jural,10000
jurat,26547
jurel,10000
jures,10000
juror,837876
justs,19611
jutes,14287
jutty,10000
juves,10000
juvie,10000
kaama,10000
kabab,32906
kabar,59750
kabob,72387
kacha,14035
kacks,10000
kadai,10000
kades,10000
kadis,10000
kafir,71528
kagos,10000
kagus,10000
kahal,10000
kaiak,10000
kaids,10000
kaies,10000
kaifs,10000
kaika,10000
kaiks,10000
kails,10000
kaims,10000
kaing,10000
kains,10000
kakas,10000
kakis,10000
kalam,212453
kales,26636
kalif,10000
kalis,34525
kalpa,32933
kamas,67455
kames,61731
kamik,164880
kamis,10000
kamme,10000
kanae,10000
kanas,16695
kandy,299591
kaneh,10000
kanes,28951
kanga,132553
kangs,10000
kanji,1018304
kants,10000
kanzu,10000
kaons,38492
kapas,17130
kaphs,10000
kapok,170880
kapow,53849
kappa,2793667
kapus,10000
kaput,75678
karas,292764
karat,995377
karks,10000
karma,6862407
karns,79709
karoo,430707
karos,10000
karri,89929
karst,381676
karsy,10000
karts,562850
karzy,10000
kasha,91777
kasme,10000
katal,10000
katas,29296
katis,10000
katti,17130
kaugh,10000
kauri,132059
kauru,10000
kaury,10000
kaval,10000
kavas,10000
kawas,12909
kawau,21640
kawed,10000
kayak,2628993
kayle,33741
kayos,10000
kazis,10000
kazoo,133068
kbars,10000
kebab,248067
kebar,10000
kebob,10000
kecks,10000
kedge,13079
kedgy,10000
keech,55450
keefs,10000
keeks,10000
keels,78676
keema,10000
keeno,10000
keens,20989
keeps,13624468
keets,10000
keeve,10000
kefir,58635
kehua,10000
keirs,10000
kelep,10000
kelim,10000
kells,251349
kelly,30510238
kelps,10000
kelpy,10000
kelts,12951
kelty,500637
kembo,10000
kembs,10000
kemps,183278
kempt,13870
kempy,10000
kenaf,46083
kench,10000
kendo,334180
kenos,18513
kente,47041
kents,70570
kepis,10000
kerbs,66370
kerel,10000
kerfs,10000
kerky,10000
kerma,65768
kerne,35166
kerns,197073
keros,10000
kerry,14514771
kerve,10000
kesar,22533
kests,10000
ketas,10000
ketch,163062
ketes,10000
ketol,10000
kevel,10000
kevil,18063
kexes,10000
keyed,795167
keyer,93121
khadi,46957
khafs,10000
khaki,1481504
khans,38869
khaph,10000
khats,10000
khaya,17917
khazi,10000
kheda,18408
kheth,10000
khets,10000
khoja,15416
khors,10000
khoum,10000
khuds,10000
kiaat,10000
kiack,10000
kiang,67078
kibbe,33137
kibbi,10000
kibei,10000
kibes,10000
kibla,10000
kicks,3792491
kicky,13023
kiddo,136981
kiddy,286716
kidel,10000
kidge,10000
kiefs,10000
kiers,10000
kieve,10000
kievs,10000
kight,44422
kikes,10000
kikoi,10000
kiley,380275
kilim,241699
kills,6484339
kilns,381759
kilos,355739
kilps,10000
kilts,380643
kilty,27252
kimbo,95544
kinas,16886
kinda,5660928
kinds,34482138
kindy,42624
kines,46172
kings,14914273
kinin,22149
kinks,824164
kinky,3254161
kinos,10000
kiore,10000
kiosk,1808146
kipes,10000
kippa,37691
kipps,25278
kirby,2813914
kirks,58558
kirns,10000
kirri,10000
kisan,39762
kissy,111416
kists,10000
kited,10000
kiter,10000
kites,1202129
kithe,10000
kiths,10000
kitty,6414935
kitul,10000
kivas,10000
kiwis,315840
klang,309031
klaps,10000
klett,71569
klick,268102
klieg,10000
kliks,10000
klong,134105
kloof,108906
kluge,130258
klutz,195206
knack,616898
knags,10000
knaps,10000
knarl,10000
knars,10000
knaur,10000
knave,149542
knawe,10000
knead,235592
kneed,71162
kneel,417602
knees,4250743
knell,193672
knelt,429464
knife,11297715
knish,24159
knits,687393
knive,58824
knobs,2151258
knock,5196013
knoll,965905
knops,13345
knosp,10000
knots,2796342
knout,10000
knowe,122164
known,86395556
knows,24640096
knubs,10000
knurl,10000
knurr,10000
knurs,10000
knuts,18383
koala,922217
koans,42253
koaps,10000
koban,10000
kobos,10000
koels,10000
koffs,10000
kofta,10000
kogal,94140
kohas,10000
kohen,92682
kohls,118773
koine,39394
kojis,10000
kokam,10000
kokas,10000
koker,10000
kokra,10000
kokum,10000
kolas,10000
kolos,15748
kombu,20988
konbu,10000
kondo,335378
konks,10000
kooks,261188
kooky,153380
koori,63946
kopek,31953
kophs,10000
kopje,22229
koppa,10000
korai,10000
koras,10000
korat,47485
kores,29119
korma,41365
koros,10000
korun,10000
korus,10000
koses,10000
kotch,15817
kotos,10000
kotow,10000
koura,10000
kraal,50172
krabs,23057
kraft,2076875
krais,10000
krait,14590
krang,20220
krans,10000
kranz,109736
kraut,254150
krays,26042
kreep,10000
kreng,10000
krewe,87636
krill,208654
krona,1585436
krone,1350253
kroon,687367
krubi,10000
krunk,36332
ksars,10000
kubie,10000
kudos,1589906
kudus,10000
kudzu,288577
kufis,10000
kugel,95845
kuias,10000
kukri,16200
kukus,10000
kulak,34328
kulan,10000
kulas,17499
kulfi,10000
kumis,10000
kumys,10000
kuris,10000
kurre,10000
kurta,165096
kurus,10000
kusso,10000
kutas,10000
kutch,67973
kutis,10000
kutus,10000
kuzus,10000
kvass,10000
kvell,10000
kwela,10000
kyack,10000
kyaks,10000
kyang,10000
kyars,10000
kyats,28202
kybos,10000
kydst,10000
kyles,72507
kylie,2415779
kylin,16091
kylix,313497
kyloe,10000
kynde,10000
kynds,10000
kypes,10000
kyrie,120056
kytes,10000
kythe,62427
laari,10000
labda,10000
label,41359857
labia,753273
labis,10000
labor,37866418
labra,10000
laced,790357
lacer,33587
laces,610254
lacet,10000
lacey,1539328
lacks,3296569
laddy,16174
laded,34603
laden,5964620
lader,101679
lades,15236
ladle,372653
laers,10000
laevo,10000
lagan,112375
lager,1050146
lahal,10000
lahar,33707
laich,10000
laics,10000
laids,10000
laigh,10000
laika,190917
laiks,10000
laird,896267
lairs,72338
lairy,10000
laith,38732
laity,368163
laked,10000
laker,192269
lakes,14947463
lakhs,339793
lakin,187040
laksa,32438
laldy,10000
lalls,10000
lamas,235575
lambs,1339048
lamby,10000
lamed,45011
lamer,148317
lames,23839
lamia,80971
lammy,53504
lamps,11000656
lanai,789800
lanas,254590
lance,5509634
lanch,10000
lande,142236
lands,13891179
lanes,5489762
lanks,10000
lanky,146488
lants,10000
lapel,1119712
lapin,162426
lapis,605210
lapje,10000
lapse,1459542
larch,267733
lards,10000
lardy,36712
laree,27813
lares,66326
large,165863763
largo,1814464
laris,20952
larks,123985
larky,10000
larns,10000
larnt,10000
larum,10000
larva,462298
lased,10000
laser,34080740
lases,10000
lassi,65534
lasso,573529
lassu,10000
lassy,10000
lasts,2678667
latah,96233
latch,1777882
lated,467007
laten,64096
later,84857974
latex,10502825
lathe,1073261
lathi,23242
laths,19745
lathy,10000
latke,22512
latte,783412
latus,47517
lauan,10000
lauch,51683
lauds,186539
laufs,10000
laugh,9822471
laund,10000
laura,13801282
laval,857420
lavas,97676
laved,10000
laver,229347
laves,10000
lavra,24436
lavvy,10000
lawed,10000
lawer,62934
lawin,10000
lawks,10000
lawns,971756
lawny,10000
laxed,10000
laxer,24047
laxes,10000
laxly,10000
layed,241694
layer,26912270
layin,68357
layup,1695143
lazar,321985
lazed,13999
lazes,10000
lazos,10000
lazzi,10000
lazzo,10000
leach,1516929
leads,30507300
leady,10000
leafs,1545582
leafy,704018
leaks,2214133
leaky,650957
leams,10000
leans,533946
leant,101406
leany,10000
leaps,1070198
leapt,411241
leare,10000
learn,179428286
lears,14370
leary,675295
lease,17180592
leash,1310125
least,111229798
leats,10000
leave,70957750
leavy,47254
leaze,10000
leben,431631
leccy,10000
ledes,10000
ledge,1157598
ledgy,10000
ledum,23585
leear,10000
leech,698609
leeks,249429
leeps,10000
leers,22432
leery,168700
leese,53057
leets,25931
leeze,15190
lefte,10000
lefts,68445
lefty,978333
legal,142048771
leger,509988
leges,65556
legge,434372
leggo,60789
leggy,182670
legit,658762
lehrs,10000
lehua,22750
leirs,10000
leish,10000
leman,147542
lemed,10000
lemel,15890
lemes,10000
lemma,4623172
lemme,382355
lemon,9066930
lemur,287912
lends,1069614
lenes,22995
lengs,10000
lenis,10000
lenos,10000
lense,416227
lenti,17547
lento,77400
leone,6393163
leper,200592
lepid,10000
lepra,10000
lepta,13460
lered,10000
leres,10000
lerps,10000
lesbo,2606338
leses,10000
lests,10000
letch,23741
lethe,52069
letup,10000
leuch,10000
leuco,10000
leuds,10000
leugh,10000
levas,10000
levee,766160
level,202563642
lever,3566558
leves,10000
levin,2202321
levis,734906
lewis,22640158
lexes,10000
lexis,1052387
lezes,10000
lezza,10000
lezzy,13020
liana,193039
liane,155704
liang,854892
liard,43929
liars,1207786
liart,10000
libel,866830
liber,402617
libra,1165757
libri,498310
lichi,10000
licht,406129
licit,63456
licks,1166907
lidar,408629
lidos,10000
liefs,10000
liege,598284
liens,1947603
liers,26434
lieus,10000
lieve,98611
lifer,124674
lifes,458659
lifts,4479565
ligan,10000
liger,114950
ligge,10000
light,126699632
ligne,1303464
liked,11282738
liken,132264
liker,29652
likes,9727733
likin,22718
lilac,1738684
lills,10000
lilos,10000
lilts,10000
liman,77563
limas,39567
limax,10000
limba,245623
limbi,10000
limbo,847468
limbs,1916350
limby,10000
limed,41243
limen,10000
limes,254454
limey,115046
limit,38290292
limma,18356
limns,10000
limos,1015393
limpa,10000
limps,51039
linac,331196
linch,44144
linds,50651
lindy,680830
lined,5802278
linen,4960413
liner,4486145
lines,76806341
liney,10000
linga,46335
lingo,1055245
lings,63925
lingy,10000
linin,15768
links,339926541
linky,142416
linns,10000
linny,16703
linos,10000
lints,10000
linty,10000
linum,41894
linux,90854231
lions,6980244
lipas,10000
lipes,10000
lipid,2662396
lipin,10000
lipos,10000
lippy,49972
liras,166076
lirks,10000
lirot,10000
lisks,10000
lisle,643841
lisps,10000
lists,58249254
litai,10000
litas,438897
lited,10000
liter,2768775
lites,366325
lithe,135670
litho,423435
liths,10000
litre,2195204
lived,18050710
liven,214914
liver,12139363
lives,42750046
livid,270785
livor,10000
livre,660631
llama,1033922
llano,317161
loach,166557
loads,9175948
loafs,10000
loams,57939
loamy,138014
loans,80821333
loast,10000
loath,151677
loave,10000
lobar,45124
lobby,6887477
lobed,139319
lobes,491048
lobos,652655
lobus,10000
local,270742935
loche,16196
lochs,91499
locie,10000
locis,10000
locks,6536771
locos,265108
locum,273698
locus,3009222
loden,74049
lodes,17287
lodge,21541130
loess,156409
lofts,897893
lofty,1018661
logan,5539308
loges,19568
loggy,10000
logia,23477
logic,23989892
logie,103098
login,144200144
logoi,20238
logon,2891286
logos,18366230
lohan,3352800
loids,10000
loins,308897
loipe,10000
loirs,10000
lokes,10000
lolls,10000
lolly,259984
lolog,10000
lomas,297206
lomed,10000
lomes,10000
loner,260915
longa,151573
longe,87659
longs,782210
looby,32818
looed,10000
looey,10000
loofa,10000
loofs,10000
looie,10000
looks,43897035
looky,61599
looms,908800
loons,218446
loony,320048
loops,5439483
loopy,263368
loord,10000
loose,12556710
loots,47910
loped,22120
loper,85037
lopes,425806
loppy,10000
loral,154870
loran,223906
lords,4862111
lordy,88710
lorel,15251
lores,41944
loric,10000
loris,299596
lorry,549887
losed,10000
losel,10000
losen,10000
loser,2529180
loses,3942953
lossy,402399
lotah,10000
lotas,10000
lotes,10000
lotic,18432
lotos,89016
lotsa,246642
lotta,613607
lotte,255085
lotto,3112797
lotus,9759485
loued,10000
lough,389229
louie,1252710
louis,38259201
louma,10000
lound,10000
louns,10000
loupe,168244
loups,29642
loure,10000
lours,10000
loury,21894
louse,178544
lousy,1095083
louts,35918
lovat,42761
loved,19719299
lover,9234545
loves,12566621
lovey,122861
lovie,83464
lowan,18303
lowed,171464
lower,72606927
lowes,617732
lowly,543486
lownd,10000
lowne,10000
lowns,10000
lowps,10000
lowry,1271991
lowse,10000
lowts,10000
loxed,10000
loxes,10000
loyal,4498834
lozen,10000
luach,10000
luaus,41227
lubed,75886
lubes,520715
lubra,10000
luces,51728
lucid,1105349
lucks,38688
lucky,14053901
lucre,88448
ludes,26797
ludic,27306
ludos,10000
luffa,20564
luffs,10000
luged,10000
luger,226711
luges,10000
lulls,58479
lulus,10000
lumas,10000
lumbi,10000
lumen,710305
lumme,10000
lummy,10000
lumps,640708
lumpy,296904
lunar,3611744
lunas,153893
lunch,20807419
lunes,162527
lunet,10000
lunge,199129
lungi,19705
lungs,2828099
lunks,10000
lunts,10000
lupin,538085
lupus,1538621
lurch,204983
lured,466613
lurer,10000
lures,1164163
lurex,154129
lurgi,21054
lurgy,10000
lurid,226354
lurks,268163
lurry,10000
lurve,60440
luser,41074
lushy,10000
lusks,10000
lusts,249268
lusty,702157
lusus,10000
lutea,94001
luted,10000
luter,26368
lutes,103371
luvvy,10000
luxed,10000
luxer,10000
luxes,10000
lweis,10000
lyams,10000
lyard,10000
lyart,10000
lyase,317653
lycea,10000
lycee,32303
lycra,1412522
lying,8260845
lymes,10000
lymph,1781845
lynch,4920597
lynes,44061
lyres,36304
lyric,6970278
lysed,103073
lyses,10000
lysin,10000
lysis,380378
lysol,83842
lyssa,37254
lyted,10000
lytes,10000
lythe,14340
lytic,173474
lytta,10000
maaed,10000
maare,10000
maars,10000
mabes,10000
macas,10000
macaw,261749
maced,10000
macer,57657
maces,53959
mache,333122
machi,293238
macho,797523
machs,10000
macks,99222
macle,10000
macon,2437697
macro,9885853
madam,2023575
madge,356968
madid,10000
madly,545418
madre,693680
maerl,10000
mafia,2666020
mafic,115622
mages,349589
maggs,113889
magic,36676771
magma,992528
magot,10000
magus,290097
mahoe,18251
mahua,10000
mahwa,10000
maids,1253811
maiko,66347
maiks,10000
maile,246432
maill,12910
mails,5397230
maims,13394
mains,2652029
maire,156974
mairs,24132
maise,10000
maist,12738
maize,2222076
major,122592252
makar,59116
maker,16635947
makes,87829598
makis,10000
makos,27773
malam,63480
malar,49930
malas,103306
malax,10000
males,8708016
malic,131867
malik,1255552
malis,52774
malls,4362513
malms,10000
malmy,10000
malts,174495
malty,79102
malus,123958
malva,59405
malwa,24347
mamas,649492
mamba,173027
mambo,5164902
mamee,10000
mamey,10000
mamie,298552
mamma,1368416
mammy,145805
manas,173858
manat,53190
mandi,367548
maneb,23912
maned,31747
maneh,10000
manes,162340
manet,335542
manga,12774174
mange,250483
mango,2171900
mangs,10000
mangy,55682
mania,3688699
manic,1448525
manis,83317
manky,19299
manly,1260481
manna,465463
manor,7084688
manos,334298
manse,120966
manta,550732
manto,70350
manty,10000
manul,10000
manus,195513
mapau,18606
maple,9704551
maqui,10000
marae,163277
marah,135233
maras,38116
march,158281269
marcs,50472
mardy,59107
mares,789891
marge,876008
margs,10000
maria,14347893
marid,29048
marka,93624
marks,19747824
marle,36938
marls,17292
marly,134004
marms,10000
maron,135149
maror,10000
marra,173885
marri,41719
marry,4388137
marse,20005
marsh,5073104
marts,265406
marvy,53009
masas,10000
mased,10000
maser,177541
mases,10000
mashy,10000
masks,4548281
mason,9461838
massa,745334
masse,515818
massy,112352
masts,417163
masty,10000
masus,10000
matai,39476
match,53532481
mated,497140
mater,1493901
mates,2878121
matey,104596
maths,3231878
matin,208467
matlo,10000
matte,2909215
matts,229482
matza,32856
matzo,69250
mauby,10000
mauds,10000
mauls,44665
maund,31677
mauri,130018
mausy,10000
mauts,10000
mauve,589931
mauzy,21286
maven,1754819
mavie,10000
mavin,18985
mavis,466837
mawed,10000
mawks,10000
mawky,10000
mawns,10000
mawrs,10000
maxed,199945
maxes,28685
maxim,3820484
maxis,365513
mayan,1278824
mayas,61458
maybe,51895609
mayed,10000
mayor,15030847
mayos,10000
mayst,48355
mazed,10000
mazer,100444
mazes,325527
mazey,13687
mazut,10000
mbira,46043
meads,168366
meals,11515834
mealy,116752
meane,18812
means,105946662
meant,17832930
meany,135676
meare,10000
mease,52987
meath,773366
meats,2168286
meaty,395095
mebos,10000
mecca,1298392
mechs,208732
mecks,10000
medal,7747036
media,216432510
medic,1122716
medii,21995
medle,10000
meeds,10000
meers,46469
meets,17760399
meffs,10000
meins,35867
meint,13873
meiny,10000
meith,10000
mekka,31541
melas,64255
melba,308005
melds,76245
melee,1034523
melic,10000
melik,18462
mells,10000
melon,1355214
melts,716330
melty,32620
memes,662337
memos,1286640
menad,10000
mends,68803
mened,10000
menes,78158
menge,142639
mengs,19131
mensa,345320
mense,34682
mensh,10000
menta,42660
mento,55926
menus,8283476
meous,10000
meows,36149
merch,553953
mercs,66806
mercy,6831149
merde,86351
mered,10000
merel,29286
merer,10000
meres,45920
merge,5961585
meril,10000
meris,54643
merit,6450895
merks,12973
merle,999346
merls,10000
merry,6367037
merse,10000
mesal,10000
mesas,159214
mesel,10000
meses,145293
meshy,10000
mesic,131840
mesne,10000
meson,431998
messy,2833021
mesto,108317
metal,56181783
meted,124510
meter,22874915
metes,68419
metho,64415
meths,23887
metic,22884
metif,10000
metis,355814
metol,10000
metre,2350745
metro,18738665
meuse,126347
meved,10000
meves,10000
mewed,10000
mewls,10000
meynt,10000
mezes,10000
mezze,25398
mezzo,483806
mhorr,10000
miaou,10000
miaow,38898
miasm,10000
miaul,10000
micas,39750
miche,51922
micht,27736
micks,30660
micky,336259
micos,10000
micra,243254
micro,22219932
middy,29344
midge,308737
midgy,10000
midis,344574
midst,3381410
miens,10000
mieve,10000
miffs,10000
miffy,90645
mifty,12858
miggs,14593
might,123196001
mihas,10000
mihis,10000
miked,49541
mikes,2933878
mikra,10000
mikva,14682
milch,80059
milds,10000
miler,211732
miles,100012522
milfs,18358745
milia,47922
milko,36029
milks,158281
milky,1515925
mille,714163
mills,11910667
milor,10000
milos,307933
milpa,10000
milts,10000
milty,28755
miltz,10000
mimed,20111
mimeo,233985
mimer,59583
mimes,83183
mimic,1187154
mimsy,33001
minae,10000
minar,102246
minas,455535
mince,328039
mincy,10000
minds,9529696
mined,1025833
miner,2264812
mines,5542234
minge,48616
mings,16874
mingy,10000
minim,165667
minis,1087516
minke,123023
minks,60142
minny,26097
minor,29782623
minos,280507
mints,672742
minty,218953
minus,7025364
mired,276967
mires,58144
mirex,56648
mirid,10000
mirin,32938
mirks,10000
mirky,10000
mirly,10000
miros,96098
mirth,381439
mirvs,10000
mirza,425445
misch,30396
misdo,10000
miser,222219
mises,563099
misgo,10000
misos,10000
missa,231828
missy,1925451
mists,452867
misty,2651773
mitch,2464162
miter,450148
mites,798205
mitis,36570
mitre,714477
mitts,606942
mixed,25395056
mixen,10000
mixer,5558245
mixes,3552046
mixte,44992
mixup,64397
mizen,18393
mizzy,26918
mneme,10000
moans,449401
moats,149042
mobby,10000
mobes,10000
mobey,10000
mobie,24095
moble,81403
mocha,933522
mochi,87210
mochs,10000
mochy,10000
mocks,216156
modal,1718570
model,161205740
modem,15984492
moder,133957
modes,14131325
modge,10000
modii,10000
modus,592874
moers,43027
mofos,113875
moggy,35330
mogul,753098
mohel,32836
mohos,10000
mohrs,10000
mohua,10000
mohur,10000
moile,10000
moils,10000
moira,555353
moire,110581
moist,2140516
moits,10000
mojos,10000
mokes,29259
mokis,10000
mokos,10000
molal,10000
molar,650262
molas,36986
molds,1552621
moldy,208515
moled,10000
moles,619237
molla,42202
molls,15283
molly,4328076
molto,492050
molts,20806
molys,10000
momes,10000
momma,1609120
mommy,3025970
momus,58407
monad,238651
monal,10000
monas,34061
monde,1721758
mondo,1664921
moner,10000
money,190205072
mongo,194449
mongs,10000
monic,85571
monie,54001
monks,2103722
monos,123186
monte,6411384
month,123027963
monty,2730888
moobs,10000
mooch,77236
moods,1437510
moody,3776452
mooed,10000
mooks,37312
moola,34775
mooli,10000
mools,10000
mooly,10000
moong,25492
moons,1073540
moony,68559
moops,10000
moors,577097
moory,10000
moose,3581329
moots,95227
moove,10000
moped,501534
moper,10000
mopes,10000
mopey,18894
moppy,10000
mopsy,10000
mopus,10000
morae,19411
moral,13643598
moras,31610
morat,21130
moray,775524
morel,418685
mores,295725
moria,171320
morne,89583
morns,10000
moron,1017416
morph,759670
morra,38381
morro,441702
morse,2382036
morts,78882
mosed,10000
moses,5615802
mosey,65040
mosks,10000
mosso,78236
mossy,470059
moste,22739
mosts,10000
moted,18579
motel,9170238
moten,45477
motes,120668
motet,83259
motey,10000
moths,804700
mothy,10000
motif,2961524
motis,10000
motor,40615655
motte,371048
motto,1894147
motts,21248
motty,18153
motus,42057
motza,10000
mouch,10000
moues,10000
mould,1479845
mouls,10000
moult,75151
mound,2259654
mount,36648260
moups,10000
mourn,779010
mouse,33667003
moust,10000
mousy,46820
mouth,22880351
moved,35713495
mover,2309084
moves,15789001
movie,158421100
mowas,10000
mowed,250292
mower,1579636
mowra,10000
moxas,10000
moxie,401036
moyas,10000
moyle,166237
moyls,10000
mozed,10000
mozes,25161
mozos,10000
mpret,10000
mucho,846045
mucic,65598
mucid,10000
mucin,124414
mucks,29822
mucky,111308
mucor,22105
mucro,10000
mucus,600467
muddy,1860188
mudge,202164
mudir,10000
mudra,70259
muffs,223133
mufti,204002
mugga,10000
muggs,81479
muggy,82131
muhly,53624
muids,10000
muils,10000
muirs,10000
muist,10000
mujik,10000
mulch,833160
mulct,10000
muled,10000
mules,907690
muley,18053
mulga,66736
mulie,10000
mulla,69657
mulls,225977
mulse,10000
mulsh,10000
mumms,10000
mummy,1878933
mumps,517472
mumsy,10000
mumus,10000
munch,699127
munga,10000
munge,50488
mungo,194356
mungs,10000
munis,46585
munts,10000
muntu,10000
muons,199181
mural,1367338
muras,10000
mured,10000
mures,73135
murex,65820
murid,10000
murks,10000
murky,532036
murls,10000
murly,10000
murra,21261
murre,43380
murri,18396
murrs,10000
murry,209712
murti,39866
murva,10000
musar,10000
musca,34480
mused,227635
muser,15833
muses,535008
muset,10000
musha,34893
mushy,275321
music,414028837
musit,10000
musks,47139
musky,177529
musos,49228
musse,18113
mussy,14809
musth,10000
musts,66009
musty,237343
mutch,106606
muted,693571
muter,10000
mutes,153707
mutha,223687
mutis,13447
muton,10000
mutts,123475
muxed,10000
muxes,13155
muzak,161682
muzzy,93181
mvule,10000
myall,66310
mylar,698551
mynah,25824
mynas,10000
myoid,10000
myoma,22529
myope,10000
myops,10000
myopy,10000
myrrh,294893
mysid,13917
mythi,10000
myths,4253827
mythy,10000
myxos,10000
mzees,10000
naams,10000
naans,10000
nabes,10000
nabis,17936
nabks,10000
nabla,37393
nabob,28856
nache,10000
nacho,392622
nacre,65713
nadas,14261
nadir,353146
naeve,18025
naevi,10000
naffs,10000
nagas,53165
naggy,10000
nagor,10000
nahal,35681
naiad,58003
naifs,10000
naiks,10000
nails,6463889
naira,342118
nairu,48069
naive,1848489
naked,43110969
naker,10000
nakfa,26467
nalas,10000
naled,10000
nalla,13771
named,34099544
namer,103097
names,71918906
namma,10000
namus,10000
nanas,51563
nance,705947
nancy,13381057
nandu,22865
nanna,115892
nanny,3025474
nanos,203719
nanua,10000
napas,10000
naped,49859
napes,10000
napoo,10000
nappa,374107
nappe,43295
nappy,606925
naras,17161
narco,207216
narcs,10000
nards,10000
nares,54047
naric,28120
naris,10000
narks,10000
narky,10000
narre,70750
nasal,2536094
nashi,30001
nasty,7434847
natal,3010028
natch,89014
nates,122231
natis,10000
natty,215845
nauch,10000
naunt,10000
naval,8091649
navar,10000
navel,1503077
naves,72133
navew,10000
navvy,18939
nawab,60939
nazes,10000
nazir,88294
nazis,1694605
nduja,10000
neafe,10000
neals,42505
neaps,10000
nears,573618
neath,571177
neats,10000
nebek,10000
nebel,91828
necks,766318
neddy,32471
needs,123595776
needy,1636137
neeld,10000
neele,10000
neemb,10000
neems,10000
neeps,20099
neese,53674
neeze,10000
negro,2489080
negus,97779
neifs,10000
neigh,211412
neist,10000
neive,10000
nelis,19894
nelly,4686900
nemas,10000
nemns,10000
nempt,10000
nenes,10000
neons,116180
neper,10000
nepit,10000
neral,15869
nerds,878641
nerdy,431324
nerka,22040
nerks,10000
nerol,10000
nerts,10000
nertz,10000
nerve,6567418
nervy,35793
nests,1141883
netes,10000
netop,107980
netts,10000
netty,28089
neuks,10000
neume,10000
neums,10000
nevel,17833
never,149556758
neves,151558
nevus,95946
newbs,68637
newed,13599
newel,84386
newer,7122879
newie,10000
newly,21102330
newsy,64185
newts,89263
nexts,10000
nexus,2728391
ngaio,43660
ngana,10000
ngati,102994
ngoma,18454
ngwee,10000
nicad,287230
nicer,1239249
niche,3999108
nicht,2762565
nicks,721039
nicol,454397
nidal,72762
nided,10000
nides,10000
nidor,10000
nidus,28010
niece,1151039
niefs,10000
nieve,108751
nifes,10000
niffs,10000
niffy,10000
nifty,1981740
niger,5388602
nighs,10000
night,130531484
nihil,146679
nikab,10000
nikah,27512
nikau,16356
nills,10000
nimbi,10000
nimbs,10000
nimps,10000
niner,138699
nines,208082
ninja,4439780
ninny,38726
ninon,16007
ninth,4390562
nipas,10000
nippy,75292
niqab,10000
nirls,10000
nirly,10000
nisei,41285
nisse,38233
nisus,114722
niter,43607
nites,113148
nitid,10000
niton,26617
nitre,10000
nitro,2533124
nitry,10000
nitty,349781
nival,31420
nixed,79256
nixer,10000
nixes,79192
nixie,59753
nizam,66531
nkosi,41833
noahs,114009
nobby,118253
noble,12604679
nobly,118764
nocks,24367
nodal,497653
noddy,263991
nodes,11208722
nodus,10000
noels,34012
noggs,10000
nohow,10000
noils,10000
noily,10000
noint,10000
noirs,111362
noise,25171520
noisy,3722908
noles,55380
nolls,10000
nolos,10000
nomad,1422041
nomas,10000
nomen,150990
nomes,62827
nomic,374700
nomoi,10000
nomos,93498
nonas,10000
nonce,382363
nones,25207
nonet,37151
nongs,10000
nonis,14895
nonny,47498
nonyl,13315
noobs,131979
nooit,59878
nooks,213440
nooky,10000
noons,10000
noops,10000
noose,378201
nopal,32978
noria,35779
noris,58236
norks,10000
norma,1665222
norms,3135997
north,217809513
nosed,611383
noser,10000
noses,775113
nosey,132182
notal,10000
notch,3302495
noted,29754565
noter,74828
notes,79958318
notum,32996
nould,10000
noule,10000
nouls,10000
nouns,932444
nouny,10000
noups,10000
novae,198124
novas,128279
novel,21821189
novum,154066
noway,26329
nowed,10000
nowls,10000
nowts,10000
nowty,10000
noxal,10000
noxes,10000
noyau,24399
noyed,10000
noyes,397014
nubby,44046
nubia,97553
nucha,10000
nuddy,15392
nuder,10000
nudes,3964133
nudge,942601
nudie,147669
nudzh,10000
nuffs,10000
nugae,10000
nuked,136859
nukes,764161
nulla,263140
nulls,182242
numbs,33408
numen,18324
nummy,10000
nunny,10000
nurds,10000
nurdy,10000
nurls,10000
nurrs,10000
nurse,16772151
nutso,15808
nutsy,10000
nutty,686428
nyaff,10000
nyala,73950
nying,10000
nylon,10410171
nymph,697326
nyssa,134732
oaked,20464
oaken,69075
oaker,10000
oakum,10000
oared,10000
oases,92726
oasis,9270498
oasts,10000
oaten,192579
oater,10000
oaths,483079
oaves,10000
obang,10000
obeah,10000
obeli,10000
obese,1673406
obeys,242408
obias,10000
obied,10000
obiit,10000
obits,618473
objet,405664
oboes,88914
obole,13322
oboli,10000
obols,10000
occam,268903
occur,24679212
ocean,31928741
ocher,30934
oches,10000
ochre,293192
ochry,10000
ocker,36128
ocrea,10000
octad,10000
octal,557500
octan,17041
octas,10000
octet,2280607
octyl,178952
oculi,34351
odahs,10000
odals,10000
odder,60826
oddly,1385252
odeon,452374
odeum,10000
odism,10000
odist,10000
odium,50950
odors,895586
odour,648137
odyle,10000
odyls,10000
ofays,10000
offal,194416
offed,20595
offer,126228968
offie,10000
oflag,10000
often,92551460
ofter,17374
ogams,10000
ogeed,10000
ogees,10000
oggin,10000
ogham,65125
ogive,10000
ogled,21111
ogler,10000
ogles,10000
ogmic,10000
ogres,104863
ohias,10000
ohing,10000
ohmic,114621
ohone,21043
oidia,10000
oiled,776472
oiler,152495
oinks,10000
oints,23880
ojime,10000
okapi,59009
okays,98655
okehs,10000
okras,10000
oktas,10000
olden,318215
older,44222089
oldie,200255
oleic,179394
olein,13736
olent,10000
oleos,10000
oleum,65755
olios,10000
olive,9298184
ollas,10000
ollav,10000
oller,65001
ollie,855837
ology,159238
olpae,10000
olpes,10000
omasa,10000
omber,10000
ombre,243069
ombus,10000
omega,10289113
omens,216634
omers,25630
omits,306112
omlah,10000
omovs,10000
omrah,10000
oncer,10000
onces,13086
oncet,10000
oncus,10000
onely,82789
oners,10000
onery,10000
onion,6384730
onium,10000
onkus,10000
onlay,24706
onned,10000
onset,3858839
ontic,14665
oobit,10000
oohed,10000
oomph,177199
oonts,10000
ooped,10000
oorie,10000
ooses,10000
ootid,10000
oozed,79302
oozes,130679
opahs,10000
opals,261351
opens,14070477
opepe,10000
opera,18225169
opine,103450
oping,102743
opium,1330299
oppos,25152
opsin,57058
opted,1708067
opter,10000
optic,4558869
orach,17167
oracy,10000
orals,141983
orang,290223
orant,10000
orate,25080
orbed,10000
orbit,5389062
orcas,307125
orcin,10000
order,336631187
ordos,10000
oread,21344
orfes,10000
organ,9077449
orgia,187239
orgic,10000
orgue,40630
oribi,14124
oriel,208095
orixa,10000
orles,10000
orlon,10000
orlop,10000
ormer,10000
ornis,14688
orpin,10000
orris,86853
ortho,2295530
orval,53993
orzos,10000
oscar,8285553
oshac,10000
osier,53672
osmic,10000
osmol,10000
ossia,20395
ostia,122493
otaku,342874
otary,10000
other,978481319
ottar,24341
otter,1662335
ottos,10000
oubit,10000
oucht,10000
ouens,10000
ought,7523238
ouija,196199
oulks,10000
oumas,10000
ounce,3268355
oundy,10000
oupas,10000
ouped,10000
ouphe,10000
ouphs,10000
ourie,10000
ousel,10000
ousts,78184
outby,10000
outdo,146433
outed,156963
outer,11245167
outgo,34007
outre,124480
outro,362765
outta,1401625
ouzel,15256
ouzos,10000
ovals,230020
ovary,1003163
ovate,143727
ovels,10000
ovens,3443150
overs,1143660
overt,871540
ovine,146663
ovist,10000
ovoid,105072
ovoli,10000
ovolo,10000
ovule,45073
owche,10000
owies,10000
owing,2399321
owled,10000
owler,10000
owlet,43168
owned,35050234
owner,58189056
owres,10000
owrie,10000
owsen,10000
oxbow,252273
oxers,10000
oxeye,10000
oxide,5321340
oxids,10000
oxies,10000
oxime,38389
oxims,10000
oxlip,10000
oxter,10000
oyers,10000
ozeki,71199
ozone,5865280
ozzie,494900
paals,10000
paans,22788
pacas,10000
paced,2755521
pacer,409457
paces,634682
pacey,120148
pacha,173750
packs,11683277
pacos,10000
pacta,10000
pacts,190899
paddy,1668962
padis,10000
padle,10000
padma,197103
padre,1132184
padri,10000
paean,79770
paedo,13592
paeon,10000
pagan,3805644
paged,300118
pager,1942889
pages,234001114
pagle,10000
pagod,10000
pagri,10000
paiks,10000
pails,250638
pains,2717960
paint,21926890
paire,27597
pairs,9432115
paisa,407754
paise,60362
pakka,10000
palas,73010
palay,23707
palea,32558
paled,77239
paler,152772
pales,185911
palet,45716
palis,20847
palki,10000
palla,50245
palls,10000
pally,92509
palms,3127466
palmy,27941
palpi,10000
palps,17014
palsa,10000
palsy,1409502
pampa,226170
panax,129184
pance,10000
panda,3424825
pands,10000
pandy,53890
paned,67297
panel,53784382
panes,441440
panga,46002
pangs,194132
panic,6396440
panim,10000
panko,40631
panne,95153
panni,17978
pansy,420775
panto,134292
pants,16774383
panty,3546636
paoli,352581
paolo,2174306
papal,754586
papas,456613
papaw,22881
paper,134939426
papes,26426
pappi,10000
pappy,144540
parae,10000
paras,551039
parch,27869
pardi,22219
pards,10000
pardy,19729
pared,464171
paren,158052
pareo,44508
parer,38034
pares,136717
pareu,10000
parev,10000
parge,10000
pargo,23730
paris,48831449
parka,688453
parki,18537
parks,25974927
parky,21525
parle,217836
parly,10000
parma,1330679
parol,50960
parps,10000
parra,283456
parrs,28948
parry,1371591
parse,3698919
parti,520451
parts,100637505
party,144707500
parve,22277
parvo,62369
paseo,835840
pases,10000
pasha,411571
pashm,10000
paska,10000
paspy,10000
passe,528622
pasta,5855460
paste,8913055
pasts,166896
pasty,231237
patch,39999745
pated,68851
paten,47772
pater,227685
pates,133896
paths,8806073
patin,40474
patio,7627536
patka,10000
patly,10000
patsy,1064602
patte,45332
patty,2339693
patus,10000
pauas,10000
pauls,865212
pause,4606318
pavan,188282
paved,1914582
paven,10000
paver,231018
paves,257565
pavid,10000
pavin,26441
pavis,10000
pawas,10000
pawaw,10000
pawed,32205
pawer,10000
pawks,10000
pawky,10000
pawls,10000
pawns,309696
paxes,10000
payed,332515
payee,611882
payer,1439009
payor,273084
paysd,10000
peace,47856201
peach,3938068
peage,10000
peags,10000
peaks,4011396
peaky,15174
peals,78085
peans,10000
peare,10000
pearl,18707334
pears,1105539
peart,169113
pease,551869
peats,35728
peaty,49312
peavy,105530
peaze,10000
pebas,10000
pecan,1118027
pechs,10000
pecke,10000
pecks,78669
pecky,10000
pedal,3763705
pedes,22083
pedis,39462
pedro,4247791
peece,10000
peeks,229261
peels,447468
peens,10000
peeoy,10000
peepe,10000
peeps,893768
peers,5188853
peery,68711
peeve,213790
peggy,3160922
peghs,10000
peins,10000
peise,10000
peize,10000
pekan,10000
pekes,10000
pekin,346788
pekoe,93324
pelas,18360
pelau,10000
peles,15429
pelfs,10000
pells,10000
pelma,10000
pelon,13423
pelta,10000
pelts,135142
penal,1467202
pence,1009358
pends,50346
pendu,10000
pened,32682
penes,92434
pengo,53144
penie,10000
penis,18478169
penks,10000
penna,305448
penne,400010
penni,25022
penny,7162062
pents,10000
peons,50556
peony,416831
pepla,10000
pepos,10000
peppy,156692
pepsi,1933586
perai,10000
perce,303918
perch,1235177
percs,10000
perdu,91173
perdy,10000
perea,61810
peres,415387
peril,1258951
peris,50088
perks,1075589
perky,1360009
perms,205764
perns,10000
perog,10000
perps,32564
perry,9785838
perse,144844
perst,10000
perts,24257
perve,10000
pervo,10000
pervs,41390
pervy,50057
pesky,619402
pesos,1676404
pesto,521625
pests,2136804
pesty,10000
petal,895903
petar,153561
peter,59541743
petit,2120813
petre,120445
petri,1072903
petti,28957
petto,19758
petty,3195594
pewee,68670
pewit,10000
peyse,10000
phage,638631
phang,184350
phare,320138
pharm,1095064
phase,40722940
pheer,10000
phene,10000
pheon,10000
phese,10000
phial,36526
phish,734148
phizz,10000
phlox,221261
phoca,33589
phone,256643812
phono,1418855
phons,17726
phony,765758
photo,227125249
phots,87817
phpht,10000
phuts,10000
phyla,91181
phyle,10000
piani,45176
piano,19419956
pians,44201
pibal,10000
pical,30280
picas,37578
piccy,32328
picks,16627992
picky,711200
picot,105908
picra,10000
picul,10000
piece,44298807
piend,10000
piers,1061175
piert,10000
pieta,74232
piets,10000
piety,595389
piezo,380481
piggy,1053871
pight,10000
pigmy,41068
piing,10000
pikas,16945
pikau,10000
piked,10000
piker,69323
pikes,448113
pikey,27656
pikis,10000
pikul,10000
pilae,10000
pilaf,148512
pilao,10000
pilar,353742
pilau,16975
pilaw,10000
pilch,67467
pilea,10000
piled,815240
pilei,10000
piler,48459
piles,1694029
pilis,10000
pills,13767091
pilot,21909830
pilow,10000
pilum,10000
pilus,50783
pimas,10000
pimps,464373
pinas,88603
pinch,2082769
pined,37529
pines,3062800
piney,394672
pingo,83764
pings,1259320
pinko,215529
pinks,372544
pinky,672775
pinna,62852
pinny,10000
pinon,157507
pinot,1481847
pinta,63584
pinto,1108872
pints,596841
pinup,323824
pions,133998
piony,10000
pious,707407
pioye,10000
pioys,10000
pipal,10000
pipas,59195
piped,560993
piper,3346631
pipes,5966191
pipet,151087
pipis,10000
pipit,128339
pippy,27084
pipul,10000
pique,664313
pirai,10000
pirls,17041
pirns,10000
pirog,10000
pisco,71444
pises,10000
pisky,10000
pisos,222360
pissy,143366
piste,332028
pitas,58335
pitch,9800556
piths,10000
pithy,194285
piton,49345
pitot,98586
pitta,114398
piums,10000
pivot,1734444
pixel,8813200
pixes,10000
pixie,1037554
pized,10000
pizes,10000
pizza,14763787
plaas,10000
place,220970235
plack,21481
plage,381780
plaid,1679093
plain,23747230
plait,103227
plane,17799728
plank,1265284
plans,77295630
plant,53247607
plaps,10000
plash,10000
plasm,55404
plast,240505
plate,24275560
plats,299052
platt,1052481
platy,44469
playa,3723548
plays,21753930
plaza,14274314
plead,1125870
pleas,1150940
pleat,266830
plebe,30111
plebs,34153
plena,78351
pleon,40540
plesh,10000
plews,36383
plica,10000
plied,243191
plier,260940
plies,200925
plims,10000
pling,103860
plink,79119
ploat,10000
plods,24353
plong,10000
plonk,114698
plook,10000
plops,26429
plots,5466589
plotz,19834
plouk,10000
plows,206634
ploye,10000
ploys,69545
pluck,891481
plues,10000
pluff,10000
plugs,4333394
plumb,631703
plume,1269109
plump,3386553
plums,496751
plumy,10000
plunk,106835
pluot,10000
plush,4692870
pluto,2466856
plyer,25371
poach,73747
poaka,10000
poake,10000
poboy,10000
pocks,10000
pocky,98692
podal,10000
poddy,10000
podex,10000
podge,110852
podgy,10000
podia,22060
poems,12662561
poeps,10000
poesy,62166
poets,4248574
pogey,10000
pogge,58442
pogos,10000
pohed,10000
poilu,32317
poind,10000
point,175527859
poise,339263
pokal,19613
poked,530699
poker,129054826
pokes,279744
pokey,270609
pokie,56807
polar,7715471
poled,35937
poler,34859
poles,4074284
poley,30396
polio,1298845
polis,303594
polje,34901
polka,1242601
polks,16112
polls,20694349
polly,2268880
polos,732192
polts,10000
polyp,197981
polys,98377
pombe,347525
pomes,56875
pommy,10000
pomos,10000
pomps,10000
ponce,773276
poncy,16378
ponds,2882178
pones,15620
poney,30601
ponga,32533
pongo,89517
pongs,10000
pongy,10000
ponks,10000
ponts,59617
ponty,128325
ponzu,20031
pooch,348386
poods,10000
pooed,10000
poofs,26506
poofy,41542
poohs,31951
pooja,289973
pooka,49363
pooks,10000
pools,6977605
poons,168046
poops,93165
poopy,182153
poori,10000
poort,30977
poots,10000
poove,10000
poovy,10000
popes,510461
poppa,231519
poppy,1805254
popsy,10000
porae,10000
poral,34824
porch,3420626
pored,56678
porer,10000
pores,777460
porge,10000
porgy,145097
porin,57628
porks,10000
porky,220042
porno,36925475
porns,301027
porny,12941
porta,921063
ports,19171802
porty,10000
posed,3604888
poser,1361002
poses,3280246
posey,499031
posho,10000
posit,292597
posse,1038358
posts,216822128
potae,10000
potch,31494
poted,10000
potes,28946
potin,10000
potoo,10000
potsy,10000
potto,10000
potts,985205
potty,1390617
pouch,4023912
pouff,10000
poufs,10000
pouke,10000
pouks,10000
poule,36866
poulp,10000
poult,31205
pound,13620117
poupe,10000
poupt,10000
pours,540889
pouts,38976
pouty,69818
powan,10000
power,226596368
powin,10000
pownd,10000
powns,10000
powny,10000
powre,10000
poxed,10000
poxes,10000
poynt,10000
poyou,10000
poyse,10000
pozzy,10000
praam,10000
prads,10000
prahu,10000
prams,238922
prana,446960
prang,64943
prank,825027
praos,10000
prase,10000
prate,24190
prats,54833
pratt,2503054
praty,10000
praus,10000
prawn,510828
prays,382397
predy,10000
preed,10000
preen,73524
prees,10000
preif,10000
prems,10000
premy,10000
prent,49319
preon,10000
preop,25674
preps,698730
presa,95089
prese,47337
press,179652730
prest,84451
preve,10000
prexy,14771
preys,84918
prial,10000
price,501651226
prick,891337
pricy,69288
pride,14428078
pried,82841
prief,10000
prier,20417
pries,44883
prigs,10000
prill,24775
prima,3131523
prime,38308402
primi,158292
primo,912120
primp,55497
prims,10000
primy,10000
prink,10000
print,178250872
prion,406900
prior,62949059
prise,322565
prism,2648058
priss,71355
privy,742055
prize,16204739
proas,10000
probe,9643801
probs,543256
prods,436798
proem,17071
profs,352040
progs,421499
proin,95109
proke,10000
prole,68465
proll,10000
promo,6616863
proms,390236
prone,3001079
prong,1059042
pronk,68612
proof,26305059
props,3032812
prore,10000
prose,3085898
proso,39260
pross,19937
prost,161175
prosy,10000
proto,2240138
proud,17167504
proul,10000
prove,16046788
prowl,343421
prows,10000
proxy,10773043
proyn,10000
prude,93351
prune,688443
prunt,10000
pruta,10000
pryer,17518
pryse,13384
psalm,2220027
pseud,60056
pshaw,39660
psion,1031442
psoae,10000
psoai,10000
psoas,38903
psora,10000
psych,1422877
psyop,42581
pubco,10000
pubes,229514
pubic,923627
pubis,65001
pucan,10000
pucer,10000
puces,43865
pucka,51563
pucks,197236
puddy,43886
pudge,109285
pudgy,89451
pudic,10000
pudor,10000
pudsy,32587
pudus,10000
puers,10000
puffa,17494
puffs,502996
puffy,3488647
puggy,23349
pugil,10000
puhas,10000
pujah,10000
pujas,29788
pukas,10000
puked,69085
puker,10000
pukes,33527
pukey,10000
pukka,91215
pukus,10000
pulao,10000
pulas,10000
puled,10000
puler,10000
pules,10000
pulik,10000
pulis,15049
pulka,10000
pulks,10000
pulli,10000
pulls,3846669
pully,38127
pulmo,26689
pulps,127398
pulpy,41088
pulse,18893735
pulus,10000
pumas,152053
pumie,10000
pumps,9456489
punas,10000
punce,10000
punch,6872844
punga,10000
pungs,10000
punji,10000
punka,10000
punks,585036
punky,183430
punny,26860
punto,1073926
punts,362615
punty,10000
pupae,116657
pupal,68283
pupas,10000
pupil,4167137
puppy,6662287
pupus,10000
purda,10000
pured,10000
puree,438733
purer,145370
pures,26458
purge,1366135
purin,20468
puris,10000
purls,37194
purpy,10000
purrs,126070
purse,5488891
pursy,10000
purty,76953
puses,10000
pushy,255990
pusle,10000
pussy,59206591
putid,10000
puton,10000
putti,33619
putto,10000
putts,190514
putty,1065017
puzel,10000
pwned,107434
pyats,10000
pyets,10000
pygal,10000
pygmy,421975
pyins,10000
pylon,285153
pyned,10000
pynes,10000
pyoid,10000
pyots,10000
pyral,10000
pyran,22954
pyres,22032
pyrex,665560
pyric,28854
pyros,85806
pyxed,10000
pyxes,10000
pyxie,10000
pyxis,43594
pzazz,10000
qadis,10000
qaids,10000
qajaq,10000
qanat,10000
qapik,10000
qibla,33281
qophs,10000
qorma,10000
quack,484886
quads,1254291
quaff,28987
quags,10000
quail,1278967
quair,10000
quais,31579
quake,4544481
quaky,10000
quale,109246
qualm,34744
quant,515573
quare,64801
quark,2286617
quart,2002127
quash,204823
quasi,2804115
quass,10000
quate,70774
quats,10000
quayd,10000
quays,253791
qubit,225029
quean,10000
queen,32366847
queer,2717979
quell,292803
queme,10000
quena,10000
quern,33075
query,31284313
quest,14258533
queue,7398569
queyn,10000
queys,10000
quich,10000
quick,85584600
quids,43051
quiet,16746894
quiff,10000
quill,790160
quilt,5187075
quims,10000
quina,31830
quine,188997
quino,15325
quins,68394
quint,309126
quipo,10000
quips,224626
quipu,10000
quire,149380
quirk,444069
quirt,20725
quist,89328
quite,58777731
quits,968086
quoad,10000
quods,10000
quoif,10000
quoin,68402
quoit,32350
quoll,23407
quonk,10000
quops,10000
quota,3245515
quote,139242226
quoth,282770
qursh,10000
quyte,10000
rabat,347104
rabbi,3488700
rabic,10000
rabid,612676
rabis,10000
raced,970447
racer,3625077
races,9715279
rache,61081
racks,7436380
racon,10000
radar,14982375
radge,10000
radii,575939
radio,113285624
radix,520001
radon,1153935
raffs,10000
rafts,449911
ragas,81403
ragde,10000
raged,322172
ragee,10000
rager,55221
rages,359354
ragga,461003
raggs,31733
raggy,27361
ragis,10000
ragus,22861
rahed,10000
rahui,10000
raias,10000
raids,1222441
raiks,10000
raile,10000
rails,4364886
raine,525576
rains,2183544
rainy,2469088
raird,35368
raise,21099943
raita,40083
raits,10000
rajah,157089
rajas,44879
rajes,10000
raked,248939
rakee,10000
raker,55469
rakes,396996
rakia,10000
rakis,10000
rakus,10000
rales,28903
rally,9155530
ralph,12190683
ramal,10000
ramee,14922
ramen,373754
ramet,10000
ramie,101611
ramin,117848
ramis,101376
rammy,10000
ramps,1651245
ramus,84582
ranas,10000
rance,206006
ranch,10539650
rands,254831
randy,8110369
ranee,20233
ranga,116731
range,128314924
rangi,62128
rangs,10000
rangy,24374
ranid,10000
ranis,10000
ranke,29061
ranks,7222499
rants,3561826
raped,2040735
raper,121418
rapes,712505
raphe,70388
rapid,19070672
rappe,21177
rared,10000
raree,10000
rarer,296244
rares,179474
rarks,10000
rased,10000
raser,55216
rases,10000
rasps,57142
raspy,105094
rasse,10000
rasta,515109
ratal,10000
ratan,58685
ratas,10000
ratch,10000
rated,59102029
ratel,16306
rater,325717
rates,137089538
ratha,30236
rathe,49569
raths,17877
ratio,26457942
ratoo,10000
ratos,14793
ratty,148678
ratus,10000
rauns,10000
raupo,10000
raved,147221
ravel,515098
raven,4630541
raver,276658
raves,1368538
ravey,10000
ravin,121953
rawer,18102
rawin,10000
rawly,10000
rawns,10000
raxed,10000
raxes,10000
rayah,10000
rayas,10000
rayed,89872
rayle,22402
rayne,281257
rayon,934490
razed,195746
razee,10000
razer,341675
razes,10000
razoo,10000
razor,3451657
reach,35687918
react,4126376
readd,30307
reads,13174104
ready,62667516
reais,98337
reaks,10000
realm,6122762
realo,10000
reals,774273
reame,10000
reams,253943
reamy,17501
reans,10000
reaps,147148
rearm,45604
rears,260073
reast,12992
reata,15023
reate,25955
reave,10000
rebar,281535
rebbe,323839
rebec,10000
rebel,6527810
rebid,37691
rebit,10000
rebop,10000
rebus,227042
rebut,235254
rebuy,60787
recal,26539
recap,2861982
recce,69037
recco,23464
reccy,10000
recit,35632
recks,10000
recon,1955124
recta,82905
recti,13476
recto,184754
recur,378119
recut,146984
redan,93847
redds,35127
reddy,965755
reded,10000
redes,201864
redia,10000
redid,75136
redip,10000
redly,10000
redon,69010
redos,10000
redox,578593
redry,10000
redub,10000
redux,969917
redye,10000
reech,10000
reede,18178
reeds,1021880
reedy,316918
reefs,1553553
reefy,10000
reeks,180768
reeky,10000
reels,2371017
reens,10000
reest,10000
reeve,797352
refed,10000
refel,10000
refer,27099706
reffo,10000
refis,10000
refit,197564
refix,10000
refly,10000
refry,10000
regal,2236787
regar,13365
reges,10000
reggo,10000
regie,93840
regma,10000
regna,10000
regos,10000
regur,10000
rehab,6460331
rehem,10000
reifs,10000
reify,31944
reign,3505605
reiki,1962162
reiks,10000
reink,10000
reins,747535
reird,10000
reist,19118
reive,10000
rejig,10000
rejon,10000
reked,10000
rekes,10000
rekey,57339
relax,8856944
relay,9275052
relet,15556
relic,947341
relie,10000
relit,10000
rello,10000
reman,169056
remap,151596
remen,13392
remet,10000
remex,10000
remit,1111713
remix,7132676
renal,4494106
renay,24985
rends,44455
renew,6561081
reney,10000
renga,46990
renig,10000
renin,300995
renne,48474
renos,21551
rente,38816
rents,2094682
reoil,10000
reorg,383689
repay,1746487
repeg,10000
repel,439316
repin,32159
repla,10000
reply,184777992
repos,330574
repot,69544
repps,10000
repro,782095
reran,21130
rerig,10000
rerun,763880
resat,10000
resaw,10000
resay,10000
resee,10000
reses,10000
reset,10021033
resew,10000
resid,1318706
resin,4966700
resit,89180
resod,10000
resow,10000
resto,251173
rests,2645136
resty,10000
resus,23306
retag,10000
retax,10000
retch,37821
retem,10000
retia,10000
retie,10000
retox,10000
retro,8000179
retry,916420
reuse,3950428
revel,546018
revet,10000
revie,78263
revue,1290094
rewan,10000
rewax,10000
rewed,10000
rewet,10000
rewin,10000
rewon,10000
rewth,10000
rexes,10000
rezes,10000
rheas,10000
rheme,10000
rheum,216585
rhies,10000
rhime,10000
rhine,1162642
rhino,2619135
rhody,56633
rhomb,88692
rhone,727024
rhumb,20027
rhyme,1530733
rhyne,153532
rhyta,10000
riads,18882
rials,161604
riant,10000
riata,21298
ribas,123653
ribby,18650
ribes,91379
riced,10000
ricer,45703
rices,94158
ricey,10000
richt,69978
ricin,181022
ricks,305248
rider,8987802
rides,6461201
ridge,15993437
ridgy,10000
ridic,10000
riels,23627
riems,10000
rieve,10000
rifer,10000
riffs,864669
rifle,5047417
rifte,10000
rifts,209369
rifty,10000
riggs,875782
right,273620358
rigid,4240019
rigol,10000
rigor,513599
riled,120346
riles,79480
riley,4443795
rille,10000
rills,27784
rimae,10000
rimed,10000
rimer,39811
rimes,390910
rimus,10000
rinds,75276
rindy,10000
rines,29619
rings,28827859
rinks,276753
rinse,1885846
rioja,337348
riots,1463036
riped,10000
ripen,191197
riper,74056
ripes,10000
ripps,10000
risen,2619862
riser,969986
rises,4124482
rishi,183120
risks,19205769
risky,2412508
risps,10000
risus,52968
rites,1388265
ritts,58502
ritzy,82832
rival,4298220
rivas,307895
rived,56254
rivel,17192
riven,165533
river,78843808
rives,198588
rivet,616847
riyal,411050
rizas,10000
roach,3017586
roads,15093621
roams,98175
roans,28190
roars,255578
roary,10000
roast,3205415
roate,10000
robed,135344
robes,1600721
robin,11423944
roble,47626
robot,12656312
rocks,12427428
rocky,10404321
roded,10000
rodeo,3587192
rodes,46703
roger,15353411
rogue,4576302
roguy,10000
rohes,10000
roids,47575
roils,10000
roily,10000
roins,10000
roist,10000
rojak,59452
rojis,10000
roked,10000
roker,178208
rokes,10000
rolag,10000
roles,13171507
rolfs,56034
rolls,9220414
romal,10000
roman,17431193
romeo,4990395
romps,60107
ronde,399731
rondo,332097
roneo,10000
rones,10000
ronin,874042
ronne,56987
ronte,10000
ronts,10000
roods,10000
roofs,1553687
roofy,10000
rooks,233375
rooky,10000
rooms,65453403
roomy,574188
roons,30727
roops,10000
roopy,10000
roosa,29266
roose,45767
roost,608008
roots,12609370
rooty,66186
roped,187674
roper,959126
ropes,2384639
ropey,27525
roque,285897
roral,10000
rores,10000
roric,10000
rorid,10000
rorie,19018
rorts,10000
rorty,111131
rosed,10000
roses,13584758
roset,24878
roshi,92425
rosin,262173
rosit,10000
rosti,43398
rosts,10000
rotal,10000
rotan,72673
rotas,41389
rotch,17632
roted,10000
rotes,30015
rotis,35038
rotls,10000
roton,10000
rotor,2003039
rotos,10000
rotte,10000
rouen,437498
roues,22326
rouge,6084449
rough,11557184
roule,59125
rouls,10000
roums,10000
round,61836702
roups,24670
roupy,10000
rouse,812361
roust,10000
route,31439231
routh,105518
routs,62357
roved,31140
roven,16464
rover,8537021
roves,21191
rowan,2014844
rowdy,510507
rowed,168567
rowel,10000
rowen,101456
rower,239796
rowie,10000
rowme,10000
rownd,10000
rowth,38465
rowts,10000
royal,45407189
royne,10000
royst,10000
rozet,17480
rozit,10000
ruana,10000
rubai,10000
rubby,10000
rubel,174810
rubes,61690
rubin,1889443
ruble,265028
rubli,10000
rubus,150384
ruche,10000
rucks,37438
rudas,10000
rudds,13297
ruddy,387590
ruder,89666
rudes,10000
rudie,28068
rudis,30928
rueda,188021
ruers,10000
ruffe,27023
ruffs,35928
rugae,10000
rugal,10000
rugby,12992179
ruggy,10000
ruing,10000
ruins,3159891
rukhs,10000
ruled,5589851
ruler,2615554
rules,97658641
rumal,10000
rumba,404980
rumbo,53120
rumen,208759
rumes,10000
rumly,10000
rummy,360935
rumor,2455494
rumpo,10000
rumps,319557
rumpy,10000
runch,10000
runds,10000
runed,14880
runes,664374
rungs,173503
runic,185207
runny,383747
runts,41260
runty,10000
rupee,2831536
rupia,10000
rural,30998929
rurps,10000
rurus,10000
rusas,23275
ruses,25529
rushy,10000
rusks,25492
rusma,10000
russe,193236
rusts,56788
rusty,2780895
ruths,18289
rutin,63936
rutty,10000
ryals,38933
rybat,10000
ryked,10000
rykes,10000
rymme,10000
rynds,10000
ryots,10000
ryper,10000
saags,10000
sabal,81783
sabed,10000
saber,1053669
sabes,89001
sabha,443494
sabin,371546
sabir,45054
sable,1501050
sabot,140101
sabra,174408
sabre,1189329
sacks,1808394
sacra,160174
saddo,65697
sades,10000
sadhe,10000
sadhu,82833
sadis,12774
sadly,3905175
sados,10000
sadza,10000
safed,68671
safer,5085040
safes,1079012
sagas,279405
sager,511124
sages,624245
saggy,554140
sagos,10000
sagum,10000
saheb,40056
sahib,352239
saice,10000
saick,10000
saics,10000
saids,10000
saiga,45727
sails,1601569
saims,10000
saine,15510
sains,66940
saint,38929141
sairs,10000
saist,10000
saith,1205270
sajou,10000
sakai,2152556
saker,56297
sakes,221028
sakia,10000
sakis,27631
sakti,46511
salad,8923706
salal,34529
salat,96774
salep,17960
sales,173244220
salet,10000
salic,10000
salix,261339
salle,1426680
sally,5933047
salmi,53135
salol,10000
salon,10079006
salop,56167
salpa,10000
salps,10000
salsa,4234056
salse,14186
salto,204639
salts,2144773
salty,1196416
salue,10000
salut,216986
salve,423303
salvo,454555
saman,88325
samas,18769
samba,5838327
sambo,137842
samek,22569
samel,10000
samen,79154
sames,49702
samey,19085
samfu,10000
sammy,2447628
sampi,10000
samps,10000
sands,4428127
sandy,9897487
saned,10000
saner,84491
sanes,15330
sanga,55269
sangh,111167
sango,272080
sangs,10000
sanko,21131
sansa,217784
santo,1772980
sants,72016
saola,10000
sapan,10000
sapid,17521
sapor,10000
sappy,216405
saran,215052
sards,65552
sared,10000
saree,303706
sarge,1013607
sargo,10000
sarin,270347
saris,187170
sarks,10000
sarky,20639
sarod,33361
saros,38529
sarus,10000
saser,10000
sasin,15556
sasse,65391
sassy,1657970
satai,10000
satay,131499
sated,88075
satem,10000
sates,78143
satin,6620674
satis,237793
satyr,136838
sauba,10000
sauce,10968629
sauch,10000
saucy,474568
saugh,10000
sauls,53407
sault,901099
sauna,4202256
saunt,32211
saury,10000
saute,546457
sauts,10000
saved,19635976
saver,10258158
saves,6892635
savey,10000
savin,303518
savor,506115
savoy,1246516
savvy,3140230
sawah,10000
sawed,169894
sawer,10000
saxes,83366
sayed,232940
sayer,243924
sayid,163143
sayne,10000
sayon,10000
sayst,10000
sazes,10000
scabs,122925
scads,49595
scaff,10000
scags,10000
scail,10000
scala,1093246
scald,101839
scale,46307526
scall,10000
scalp,1356840
scaly,272847
scamp,810996
scams,2662588
scand,444490
scans,3877627
scant,543285
scapa,113533
scape,358228
scapi,10000
scare,2972708
scarf,3181107
scarp,77653
scars,1677547
scart,1213599
scary,5571680
scath,10000
scats,64414
scatt,10000
scaud,10000
scaup,89357
scaur,10000
scaws,10000
sceat,10000
scena,91089
scend,10000
scene,29372413
scent,3277212
schav,10000
schmo,60716
schul,33045
schwa,64634
scion,2245350
sclim,10000
scody,10000
scoff,177728
scogs,10000
scold,170208
scone,213031
scoog,10000
scoop,5272369
scoot,269666
scopa,88607
scope,23349420
scops,39159
score,69315004
scorn,622924
scots,1911314
scoug,13313
scoup,10000
scour,411478
scout,6176157
scowl,115386
scowp,10000
scows,10000
scrab,10000
scrae,10000
scrag,10000
scram,139774
scran,355642
scrap,3757085
scrat,34413
scraw,10000
scray,10000
scree,148396
screw,8177263
scrim,146877
scrip,328826
scrob,10000
scrod,21554
scrog,10000
scrow,10000
scrub,2360299
scrum,425870
scuba,6366349
scudi,10000
scudo,16902
scuds,39676
scuff,224673
scuft,10000
scugs,10000
sculk,10000
scull,174118
sculp,29076
sculs,10000
scums,21265
scups,10000
scurf,13478
scurs,10000
scuse,53625
scuta,10000
scute,17485
scuts,10000
scuzz,10000
scyes,10000
sdayn,10000
sdein,10000
seals,4958012
seame,10000
seams,1323885
seamy,35034
seans,14788
seare,10000
sears,4897480
sease,16912
seats,17070818
seaze,10000
sebum,95387
secco,33756
sechs,49108
sects,603808
sedan,4769270
seder,315708
sedes,17575
sedge,361236
sedgy,10000
sedum,126177
seeds,11196921
seedy,284954
seeks,10174194
seeld,10000
seels,10000
seely,173389
seems,55276661
seeps,188076
seepy,10000
seers,134265
sefer,159719
segar,45150
segni,74679
segno,108669
segol,10000
segos,10000
segue,234120
sehri,10000
seifs,10000
seils,10000
seine,1121610
seirs,10000
seise,10000
seism,18530
seity,10000
seiza,10000
seize,1908868
sekos,10000
sekts,10000
selah,213338
seles,69906
selfs,33812
sella,143359
selle,305996
sells,8827377
selva,389472
semee,10000
semen,1553302
semes,30150
semie,10000
semis,357039
senas,10000
sends,7512707
senes,10000
sengi,10000
senna,431701
senor,352047
sensa,89308
sense,52629633
sensi,280091
sente,63099
senti,56703
sents,98600
senvy,10000
senza,476965
sepad,10000
sepal,32590
sepia,741438
sepic,10000
sepoy,33499
septa,203819
septs,20285
serac,43796
serai,35974
seral,57376
sered,19699
serer,10000
seres,54684
serfs,117599
serge,1283914
seric,10000
serif,2109334
serin,38729
serks,10000
seron,10000
serow,10000
serra,755717
serre,381425
serrs,10000
serry,10000
serum,5854942
serve,36697856
servo,1581719
sesey,10000
sessa,67670
setae,111998
setal,10000
seton,1136773
setts,60954
setup,23534848
seven,44224906
sever,686306
sewan,10000
sewar,10000
sewed,175012
sewel,28078
sewen,10000
sewer,5008805
sewin,10000
sexed,155161
sexer,10000
sexes,1608110
sexto,29954
sexts,10000
seyen,10000
shack,2739743
shade,6996835
shads,19622
shady,2059463
shaft,6431372
shags,41829
shahs,10000
shake,6839319
shako,26339
shakt,10000
shaky,766843
shale,769742
shall,191963867
shalm,10000
shalt,1854326
shaly,10000
shama,71722
shame,6785296
shams,618299
shand,141332
shank,1311484
shans,10000
shape,25675227
shaps,10000
shard,287428
share,119294241
shark,5904454
sharn,14432
sharp,24904199
shash,27825
shaul,239120
shave,2580057
shawl,1011728
shawm,10000
shawn,4642740
shaws,82892
shaya,39577
shays,227563
shchi,10000
sheaf,255879
sheal,10000
shear,2886210
sheas,10000
sheds,1874143
sheel,15825
sheen,1124463
sheep,8962638
sheer,6684477
sheet,44295187
sheik,596893
shelf,11287023
shell,20599318
shend,10000
shent,10000
sheol,68016
sherd,20612
shere,82346
shero,10000
shets,10000
sheva,181594
shewn,62884
shews,39148
shiai,10000
shied,103457
shiel,82165
shier,43728
shies,42546
shift,19811555
shill,163716
shily,10000
shims,212293
shine,5881862
shins,362796
shiny,3192674
ships,56365355
shire,2665081
shirk,194196
shirr,10000
shirs,10000
shirt,40501964
shish,67812
shiso,25086
shist,10000
shite,371932
shits,238365
shiur,69743
shiva,1105044
shive,114265
shivs,10000
shlep,10000
shlub,10000
shmek,10000
shmoe,10000
shoal,435185
shoat,10000
shock,14850388
shoed,27509
shoer,10000
shoes,80755612
shogi,84271
shogs,10000
shoji,231018
shojo,81991
shola,49881
shone,704369
shook,2917411
shool,89902
shoon,20249
shoos,26781
shoot,12695618
shope,79471
shops,38241315
shore,12568485
shorl,10000
shorn,142311
short,106755242
shote,36612
shots,19611119
shott,25924
shout,3965861
shove,847364
showd,10000
shown,68755779
shows,84804638
showy,294798
shoyu,30956
shred,851931
shrew,382770
shris,10000
shrow,10000
shrub,1458217
shrug,720506
shtik,10000
shtum,10000
shtup,10000
shuck,116293
shule,10000
shuln,10000
shuls,10000
shuns,85070
shunt,604152
shura,152118
shush,60031
shute,184885
shuts,974390
shwas,10000
shyer,32023
shyly,213165
sials,10000
sibbs,10000
sibyl,111857
sices,10000
sicht,97024
sicko,86555
sicks,10000
sicky,10000
sidas,10000
sided,4982500
sider,543665
sides,17269191
sidha,10000
sidhe,114733
sidle,54306
siege,2518421
sield,10000
siens,10000
sient,16892
sieth,10000
sieur,61710
sieve,851108
sifts,38137
sighs,564251
sight,13360499
sigil,118090
sigla,38984
sigma,11864409
signa,233687
signs,31899467
sijos,10000
sikas,10000
siker,10000
sikes,160692
silds,10000
siled,10000
silen,22517
siler,201368
siles,19384
silex,289557
silks,418180
silky,1749406
sills,397916
silly,6833654
silos,483560
silts,47638
silty,293612
silva,3132617
simar,30450
simas,24995
simba,322561
simis,10000
simps,10000
simul,158003
since,214302926
sinds,75367
sined,10000
sines,79686
sinew,74869
singe,106880
sings,2723225
sinhs,10000
sinks,3399604
sinky,10000
sinus,1738565
siped,10000
sipes,60829
sippy,100939
sired,220280
siree,14544
siren,1354779
sires,286232
sirih,10000
siris,53304
siroc,10000
sirra,10000
sirup,29954
sisal,280742
sises,10000
sissy,1410911
sista,261188
sists,58962
sitar,255993
sited,503306
sites,202755734
sithe,14180
sitka,578381
situp,10000
situs,267454
siver,101095
sixer,58111
sixes,176765
sixmo,10000
sixte,10000
sixth,9920054
sixty,4851534
sizar,10000
sized,12775596
sizel,10000
sizer,202590
sizes,23751367
skags,10000
skail,10000
skald,44871
skank,227091
skart,10000
skate,4932092
skats,10000
skatt,10000
skaws,10000
skean,19591
skear,10000
skeds,10000
skeed,10000
skeef,10000
skeen,109749
skeer,10000
skees,10000
skeet,343898
skegg,10000
skegs,10000
skein,208604
skelf,10000
skell,10000
skelm,10000
skelp,10000
skene,99110
skens,10000
skeos,10000
skeps,10000
skers,10000
skets,10000
skews,75297
skids,343992
skied,134470
skier,863046
skies,3796788
skiey,10000
skiff,281833
skill,15835076
skimo,10000
skimp,107336
skims,45654
skink,101630
skins,7370612
skint,118519
skios,10000
skips,555853
skirl,10000
skirr,10000
skirt,9981485
skite,10000
skits,366784
skive,47114
skivy,10000
sklim,10000
skoal,42373
skody,10000
skoff,10000
skogs,10000
skols,10000
skool,829401
skort,98916
skosh,10000
skran,10000
skrik,10000
skuas,28353
skugs,10000
skulk,24018
skull,4457991
skunk,937406
skyed,10000
skyer,10000
skyey,10000
skyfs,10000
skyre,10000
skyrs,10000
skyte,10000
slabs,900683
slack,1954286
slade,842883
slaes,10000
slags,105005
slaid,19838
slain,1281084
slake,54463
slams,926688
slane,95822
slang,1817718
slank,47932
slant,1313083
slaps,357339
slart,10000
slash,2935535
slate,3813904
slats,297172
slaty,49371
slave,10692715
slaws,10000
slays,79674
slebs,10000
sleds,316641
sleek,2734565
sleep,29491537
sleer,10000
sleet,305148
slept,2370802
slews,13847
sleys,10000
slice,4628779
slick,2372634
slide,22339084
slier,10000
slily,10000
slime,869502
slims,187926
slimy,346686
sling,1688770
slink,196197
slipe,10000
slips,2587498
slipt,10000
slish,10000
slits,460082
slive,23223
sloan,2040295
slobs,36492
sloes,10000
slogs,10000
sloid,10000
slojd,10000
slomo,10000
sloom,10000
sloop,295505
sloot,57272
slope,6469975
slops,25111
slopy,10000
slorm,10000
slosh,51634
sloth,519428
slots,12452126
slove,10000
slows,1163999
sloyd,16508
slubb,10000
slubs,10000
slued,10000
slues,10000
sluff,10000
slugs,450646
sluit,24797
slump,878659
slums,463980
slung,253265
slunk,40167
slurb,10000
slurp,495920
slurs,220561
sluse,10000
slush,389608
sluts,8430809
slyer,10000
slyly,103507
slype,10000
smaak,10000
smack,1451860
smaik,10000
small,208371878
smalm,10000
smalt,10000
smarm,10000
smart,36636558
smash,3192001
smaze,10000
smear,1289528
smeek,10000
smees,10000
smeik,10000
smeke,10000
smell,6642666
smelt,301053
smerk,10000
smews,10000
smile,13893537
smirk,403780
smirr,10000
smirs,10000
smite,270393
smith,63357901
smits,204616
smock,220361
smogs,10000
smoke,16567733
smoko,10000
smoky,1818184
smolt,111459
smoor,27737
smoot,216470
smore,10000
smorg,10000
smote,276278
smout,10000
smowt,10000
smugs,10000
smurs,10000
smush,36448
smuts,84644
snabs,10000
snack,3847152
snafu,239431
snags,318312
snail,1580640
snake,7606395
snaky,18580
snaps,1512455
snare,1311615
snarf,104552
snark,457068
snarl,184639
snars,10000
snary,10000
snash,10000
snath,10000
snaws,10000
snead,175337
sneak,2280877
sneap,16545
snebs,10000
sneck,10000
sneds,10000
sneed,164701
sneer,203583
snees,10000
snell,767608
snibs,10000
snick,23113
snide,238032
snies,10000
sniff,1041321
snift,10000
snigs,10000
snipe,425778
snips,329153
snipy,10000
snirt,10000
snits,10000
snobs,164598
snods,10000
snoek,14498
snoep,10000
snogs,10000
snoke,14088
snood,80464
snook,295873
snool,10000
snoop,2787168
snoot,33126
snore,294125
snort,1522943
snots,10000
snout,258314
snowk,10000
snows,350890
snowy,1631719
snubs,92798
snuck,274495
snuff,861230
snugs,10000
snush,10000
snyes,10000
soaks,165469
soaps,2347810
soapy,303519
soare,10000
soars,465187
soave,54998
sobas,10000
sober,1672710
socas,10000
soces,10000
socko,13096
socks,8632058
socle,17222
sodas,299348
soddy,62104
sodic,24953
sodom,402032
sofar,49346
sofas,1871940
softa,10000
softs,162553
softy,55906
soger,10000
soggy,331525
sohur,10000
soils,4789565
soily,10000
sojas,10000
sojus,10000
sokah,10000
soken,18213
sokes,10000
sokol,195506
solah,10000
solan,56393
solar,20423792
solas,225662
solde,24298
soldi,93203
soldo,16595
solds,10000
soled,102946
solei,16449
soler,142747
soles,765275
solid,37426444
solon,527040
solos,1222232
solum,86424
solus,185496
solve,13452150
soman,92060
somas,51354
sonar,1341822
sonce,10000
sonde,78672
sones,72334
songs,49272598
sonic,7298920
sonly,10000
sonne,372095
sonny,2004845
sonse,10000
sonsy,10000
sooey,10000
sooks,10000
sooky,10000
soole,10000
sools,10000
sooms,10000
soops,10000
soote,10000
sooth,141125
soots,10000
sooty,220245
sophs,10000
sophy,75315
sopor,16980
soppy,36978
sopra,106565
soral,10000
soras,19792
sorbo,54561
sorbs,42461
sorda,10000
sordo,13913
sords,10000
sored,50450
soree,10000
sorel,385306
sorer,10000
sores,1024935
sorex,35839
sorgo,10000
sorns,10000
sorra,10000
sorry,35595812
sorta,855998
sorts,6005834
sorus,10000
soths,10000
sotol,10000
souce,67590
souct,10000
sough,16442
souks,34993
souls,5416970
soums,10000
sound,100010833
soups,2141445
soupy,94968
sours,79324
souse,10000
south,238581133
souts,10000
sowar,10000
sowce,10000
sowed,113771
sower,137381
sowff,10000
sowfs,10000
sowle,12787
sowls,10000
sowms,10000
sownd,10000
sowne,10000
sowps,10000
sowse,10000
sowth,10000
soyas,10000
soyle,33710
soyuz,367639
sozin,10000
space,121505269
spacy,39233
spade,1567565
spado,10000
spaed,10000
spaer,10000
spaes,10000
spags,10000
spahi,10000
spail,10000
spain,51553238
spait,10000
spake,688769
spald,10000
spale,10000
spall,80157
spalt,10000
spams,323676
spane,10000
spang,41109
spank,5416004
spans,1675632
spard,10000
spare,10009522
spark,4842423
spars,203700
spart,29561
spasm,391339
spate,357156
spats,78562
spaul,10000
spawl,10000
spawn,1908837
spaws,10000
spayd,10000
spays,10000
spaza,41173
spazz,45477
speak,31324712
speal,10000
spean,30703
spear,2942538
speat,10000
speck,757962
specs,26029159
spect,378697
speed,83135749
speel,50603
speer,400248
speil,10000
speir,23387
speks,10000
speld,10000
spelk,10000
spell,8506049
spelt,431427
spend,26713310
spent,29719451
speos,10000
sperm,5944531
spets,10000
speug,10000
spews,150306
spewy,10000
spial,10000
spica,142550
spice,7120274
spick,25431
spics,10000
spicy,3170817
spide,10000
spied,294373
spiel,811922
spier,180057
spies,5756937
spiff,74236
spifs,10000
spike,4833410
spiks,10000
spiky,181090
spile,10000
spill,3890646
spilt,214786
spims,10000
spina,468643
spine,5370074
spink,203615
spins,1421064
spiny,366114
spire,725421
spirt,59629
spiry,10000
spite,4493143
spits,321273
spitz,351048
spivs,10000
splat,350981
splay,124026
split,19998411
splog,41784
spode,487640
spods,10000
spoil,1419320
spoke,11577917
spoof,907481
spook,318653
spool,1499516
spoom,10000
spoon,4000406
spoor,131836
spoot,10000
spore,589081
spork,164168
sport,62683851
sposh,10000
spots,10109662
spout,905624
sprad,10000
sprag,10000
sprat,69321
spray,15148133
spred,21115
spree,1218040
sprew,10000
sprig,143773
sprit,89293
sprod,10000
sprog,82267
sprue,109524
sprug,10000
spuds,101849
spued,10000
spuer,10000
spues,10000
spugs,10000
spule,10000
spume,10000
spumy,10000
spunk,404915
spurn,79323
spurs,2295629
spurt,325911
sputa,10000
spyal,10000
spyre,10000
squab,50789
squad,8744772
squat,925062
squaw,463592
squeg,10000
squib,112968
squid,3828491
squit,10000
squiz,13110
stabs,268482
stack,11090579
stade,347571
staff,151553180
stage,52518330
stags,285274
stagy,10000
staid,194345
staig,10000
stain,3512824
stair,2012524
stake,5061965
stale,1065657
stalk,936028
stall,2114252
stamp,9760468
stand,46292709
stane,45697
stang,1081839
stank,100733
staph,171410
staps,10000
stare,1925618
stark,3479265
starn,18604
starr,3240045
stars,58352743
start,161913408
stash,1553737
state,453104133
stats,33096627
staun,10000
stave,363443
staws,10000
stays,5547528
stead,724786
steak,4413680
steal,6257493
steam,11141309
stean,10000
stear,24734
stedd,10000
stede,18504
steds,10000
steed,701658
steek,10000
steel,49452604
steem,28290
steen,581515
steep,3399504
steer,2159937
steil,48974
stein,3893544
stela,52675
stele,76134
stell,97231
steme,10000
stems,3336905
stend,10000
steno,201103
stens,10000
stent,630695
steps,38254292
stept,10000
stere,14790
stern,4643592
stets,32019
stews,519188
stewy,10000
steys,10000
stich,146019
stick,22399126
stied,10000
sties,34650
stiff,3492842
stilb,10000
stile,353280
still,190433487
stilt,188393
stime,65680
stims,65454
stimy,10000
sting,2773263
stink,872742
stint,855795
stipa,35952
stipe,189957
stire,10000
stirk,13276
stirp,10000
stirs,426699
stive,10000
stivy,10000
stoae,10000
stoai,10000
stoas,10000
stoat,49468
stobs,10000
stock,176295589
stoep,10000
stogy,10000
stoic,272080
stoit,10000
stoke,2552684
stole,2814273
stoln,10000
stoma,122408
stomp,1168038
stond,13934
stone,42494931
stong,88745
stonk,10000
stonn,10000
stony,1907651
stood,11116275
stook,10000
stool,3031945
stoop,360440
stoor,10000
stope,18912
stops,9118589
stopt,20275
store,291308910
stork,728360
storm,22242164
story,138433809
stoss,10000
stots,10000
stott,438727
stoun,10000
stoup,10000
stour,149756
stout,1939514
stove,3914849
stown,10000
stowp,10000
stows,29544
strad,30021
strae,10000
strag,10000
strak,10000
strap,11414669
straw,3958211
stray,1807545
strep,608154
strew,32385
stria,40045
strig,10000
strim,10000
strip,18711440
strop,63137
strow,10000
stroy,33541
strum,216746
strut,1271153
stubs,1076600
stuck,9120620
stude,51128
studs,3215366
study,152978354
stuff,81444510
stull,228078
stulm,10000
stumm,39724
stump,1357079
stums,10000
stung,404657
stunk,76458
stuns,161099
stunt,1754828
stupa,117550
stupe,10000
sture,26313
sturt,284766
styed,10000
styes,31241
style,101024266
styli,517320
stylo,105215
styme,10000
stymy,10000
styre,10000
styte,10000
suave,336960
subah,10000
subas,10000
subby,10000
suber,80439
subha,17689
succi,13224
sucks,7743126
sucky,202236
sucre,569392
sudds,10000
sudor,10000
sudsy,39819
suede,3941313
suent,10000
suers,10000
suete,10000
suets,10000
suety,10000
sugan,10000
sugar,22450333
sughs,10000
sugos,10000
suhur,10000
suids,10000
suing,816011
suint,10000
suite,44829675
suits,7986526
sujee,10000
sukhs,10000
sukuk,13132
sulci,21352
sulfa,81028
sulfo,16910
sulks,24093
sulky,156355
sully,458846
sulph,47919
sulus,10000
sumac,181045
sumis,10000
summa,545031
sumos,18889
sumph,10000
sumps,77965
sunis,10000
sunks,10000
sunna,188874
sunns,10000
sunny,9497382
sunup,30047
super,66703287
supes,60952
supra,4329457
surah,323774
sural,32482
suras,28851
surat,736651
surds,10000
sured,134046
surer,73497
sures,159115
surfs,141721
surfy,21936
surge,5436623
surgy,10000
surly,372213
surra,10000
sused,10000
suses,10000
sushi,3488691
susus,10000
sutor,47130
sutra,1580071
sutta,129787
swabs,322684
swack,10000
swads,10000
swage,36605
swags,137708
swail,15702
swain,779597
swale,198985
swaly,10000
swami,900023
swamp,2575587
swamy,109555
swang,19816
swank,695208
swans,1063572
swaps,1097437
swapt,10000
sward,78801
sware,57104
swarf,17705
swarm,1158175
swart,162262
swash,265955
swath,438339
swats,33987
swayl,10000
sways,75398
sweal,10000
swear,3082372
sweat,4551615
swede,373827
sweed,13739
sweel,10000
sweep,3623863
sweer,10000
swees,10000
sweet,32311923
sweir,10000
swell,2213445
swelt,10000
swept,2612095
swerf,10000
sweys,10000
swies,10000
swift,5850031
swigs,22572
swile,10000
swill,92032
swims,391399
swine,1578713
swing,12734467
swink,60284
swipe,524034
swire,100466
swirl,1251090
swish,949054
swiss,21324437
swith,44669
swits,10000
swive,10000
swizz,45863
swobs,10000
swole,10000
swoln,10000
swoon,248694
swoop,467481
swops,10000
swopt,10000
sword,8835685
swore,663914
sworn,2332355
swots,10000
swoun,10000
swung,867135
sybbe,10000
sybil,346919
syboe,10000
sybow,10000
sycee,10000
syces,10000
sycon,10000
syens,10000
syker,10000
sykes,847255
sylis,10000
sylph,44120
sylva,156204
symar,10000
synch,603920
syncs,125756
synds,10000
syned,10000
synes,16535
synod,1095269
synth,1697095
syped,10000
sypes,10000
syphs,10000
syrah,480410
syren,55371
syrup,3108136
sysop,526687
sythe,27462
syver,10000
taals,10000
taata,10000
tabby,504455
taber,342966
tabes,10000
tabid,77335
tabis,10000
tabla,420412
table,165341452
taboo,3079923
tabor,834301
tabun,25447
tabus,66004
tacan,31613
taces,10000
tacet,10000
tache,50780
tacho,165560
tachs,17611
tacit,594255
tacks,340393
tacky,519106
tacos,512088
tacts,34801
taels,10000
taffy,411033
tafia,10000
taggy,10000
tagma,10000
tahas,10000
tahrs,10000
taiga,209181
taigs,10000
taiko,158469
tails,2287798
tains,158156
taint,375008
taira,63794
taish,10000
taits,10000
tajes,10000
takas,10000
taken,87019836
taker,625940
takes,57784233
takhi,10000
takin,377723
takis,57486
takky,10000
talak,10000
talaq,28949
talar,34181
talas,43491
talcs,10000
talcy,10000
talea,10000
taler,42377
tales,11222332
talks,15484166
talky,50436
talls,43808
tally,1812605
talma,17793
talon,858061
talpa,48306
taluk,55706
talus,155055
tamal,23048
tamed,239956
tamer,355602
tames,113169
tamin,10000
tamis,10000
tammy,2025634
tamps,29488
tanas,10000
tanga,265576
tangi,30054
tango,2727306
tangs,47230
tangy,333638
tanhs,10000
tanka,144512
tanks,8526525
tanky,10000
tanna,63370
tansy,77016
tanti,62782
tanto,521483
tanty,10000
tapas,580527
taped,1534342
tapen,10000
taper,1294069
tapes,9719559
tapet,10000
tapir,86809
tapis,118812
tappa,31775
tapus,10000
taras,146878
tardo,10000
tardy,303140
tared,10000
tares,71332
targa,547379
targe,37088
tarns,10000
taroc,10000
tarok,10000
taros,10000
tarot,3561389
tarps,344956
tarre,10000
tarry,243850
tarsi,18846
tarts,706018
tarty,33708
tasar,16330
tased,10000
taser,313105
tases,10000
tasks,20273373
tassa,85450
tasse,133951
tasso,146716
taste,17311343
tasty,3565676
tatar,317945
tater,200207
tates,170224
taths,10000
tatie,10000
tatou,27138
tatts,37602
tatty,130077
tatus,54967
taube,84004
tauld,10000
taunt,295148
tauon,10000
taupe,668030
tauts,10000
tavah,10000
tavas,10000
taver,10000
tawai,10000
tawas,153252
tawed,10000
tawer,10000
tawie,10000
tawny,602308
tawse,10000
tawts,10000
taxed,1537786
taxer,10000
taxes,33674672
taxis,2034449
taxol,164459
taxon,1333053
taxor,10000
taxus,91941
tayra,10000
tazza,35222
tazze,10000
teach,19079783
teade,10000
teads,10000
teaed,10000
teaks,10000
teals,10000
teams,34383288
tears,9274206
teary,137396
tease,2019275
teats,108388
teaze,17751
techs,1865665
techy,181185
tecta,10000
teddy,5602073
teels,10000
teems,53560
teend,14094
teene,10000
teens,70859771
teeny,750932
teers,47950
teeth,9769437
teffs,10000
teggs,10000
tegua,10000
tegus,10000
tehrs,10000
teiid,10000
teils,17030
teind,10000
teins,57999
telae,10000
telco,1116242
teles,53095
telex,916110
telia,233234
telic,71928
tells,15534490
telly,496040
teloi,10000
telos,223130
temed,10000
temes,117408
tempi,86775
tempo,3372997
temps,2309859
tempt,494586
temse,10000
tench,96238
tends,4861901
tendu,10000
tenes,14470
tenet,834143
tenge,418326
tenia,33152
tenne,14414
tenno,15372
tenny,44893
tenon,198272
tenor,2361385
tense,2320926
tenth,3317039
tents,3850460
tenty,10000
tenue,69334
tepal,10000
tepas,10000
tepee,52048
tepid,220695
tepoy,10000
terai,72849
teras,21504
terce,10000
terek,26030
teres,54779
terfe,10000
terfs,10000
terga,10000
terms,277705910
terne,10000
terns,322293
terra,3747696
terry,13981773
terse,287692
terts,10000
tesla,1134572
testa,282061
teste,126441
tests,42336117
testy,167487
tetes,10000
teths,10000
tetra,863969
tetri,10000
teuch,10000
teugh,10000
tewed,10000
tewel,10000
tewit,10000
texas,129399241
texes,96227
texts,12095723
thack,10000
thagi,10000
thaim,10000
thale,45218
thali,63177
thana,69505
thane,423334
thang,601478
thank,63234550
thans,10000
thanx,1979526
tharm,10000
thars,10000
thaws,59505
thawy,10000
thebe,21840
theca,24903
theed,16889
theek,10000
thees,49427
theft,12744763
thegn,10000
theic,10000
thein,103438
their,782849411
thelf,10000
thema,1061529
theme,37219937
thens,10000
theow,10000
there,701170205
therm,504374
these,541003982
thesp,10000
theta,5070673
thete,10000
thews,10000
thewy,10000
thick,14030556
thief,2970770
thigh,2171107
thigs,13587
thilk,14441
thill,46026
thine,1332569
thing,97451660
think,217856550
thins,144657
thiol,184641
third,95489240
thirl,10000
thoft,10000
thole,84997
tholi,10000
thong,7747699
thorn,1421673
thoro,16869
thorp,353392
those,270014141
thous,81063
thowl,10000
thrae,10000
thraw,10000
three,223417394
threw,4410853
thrid,52106
thrip,10000
throb,212889
throe,10000
throw,15751985
thrum,28106
thuds,22613
thugs,1343168
thuja,113212
thumb,7284386
thump,456603
thunk,229475
thurl,16621
thuya,17449
thyme,1007823
thymi,10000
thymy,10000
tians,13582
tiara,923335
tiars,10000
tibia,620778
tical,229501
ticca,10000
ticed,15896
tices,122984
tichy,76707
ticks,1184410
ticky,38595
tidal,2268649
tiddy,10000
tided,15272
tides,1884762
tiers,892403
tiffs,69678
tifos,10000
tifts,10000
tiger,13763074
tiges,10000
tight,17981854
tigon,18010
tikas,10000
tikes,696108
tikis,19390
tikka,176038
tilak,101823
tilde,344748
tiled,861822
tiler,59950
tiles,5251527
tills,100375
tilly,616707
tilth,48587
tilts,245809
timbo,79418
timed,2978189
timer,7488669
times,202950880
timid,657204
timon,184883
timps,10000
tinas,23544
tinct,39709
tinds,10000
tinea,143689
tined,14541
tines,129756
tinge,224709
tings,142437
tinks,30345
tinny,155192
tints,217070
tinty,10000
tipis,32508
tippy,117798
tipsy,279464
tired,11158233
tires,8007166
tirls,17037
tiros,40539
tirrs,10000
titan,3974407
titch,32945
titer,258055
tithe,359291
titis,56684
title,196676017
titre,683909
titty,1023702
titup,10000
tiyin,10000
tiyns,10000
tizes,10000
tizzy,70708
toads,402717
toady,63910
toast,3262695
toaze,10000
tocks,10000
tocky,10000
tocos,10000
today,239271204
todde,10000
toddy,131875
toeas,10000
toffs,65122
toffy,10000
tofts,21528
tofus,10000
togae,10000
togas,19316
toged,10000
toges,10000
togue,10000
tohos,10000
toile,473077
toils,123054
toing,10000
toise,10000
toits,12716
tokay,58704
toked,10000
token,5672353
toker,57530
tokes,14407
tokos,10000
tolan,70288
tolar,537047
tolas,10000
toled,10000
toles,41244
tolls,995273
tolly,83633
tolts,10000
tolus,10000
tolyl,17223
toman,75616
tombs,742507
tomes,222783
tomia,10000
tommy,9327874
tomos,68188
tonal,707113
tondi,10000
tondo,26615
toned,943575
toner,10508427
tones,13373535
toney,281449
tonga,4813052
tongs,531760
tonic,1393402
tonka,385134
tonks,149678
tonne,931552
tonus,33364
tools,185555874
tooms,41882
toons,3318074
tooth,5551049
toots,210204
topaz,2348935
toped,35112
topee,10000
topek,10000
toper,38676
topes,14761
tophe,10000
tophi,10000
tophs,10000
topic,149001702
topis,10000
topoi,20996
topos,112958
toppy,10000
toque,158397
torah,2698722
toran,29885
toras,10000
torch,3360286
torcs,80605
tores,10000
toric,685050
torii,114841
toros,138100
torot,10000
torrs,10000
torse,10000
torsi,10000
torsk,13018
torso,1769562
torta,93552
torte,157289
torts,768869
torus,509986
tosas,10000
tosed,10000
toses,10000
toshy,10000
tossy,10000
total,222649459
toted,24979
totem,955271
toter,31019
totes,1344312
totty,90429
touch,36831035
tough,13560922
touks,10000
touns,10000
tours,37957036
touse,51689
tousy,10000
touts,473474
touze,10000
touzy,10000
towed,644374
towel,4901668
tower,20686918
towie,10000
towns,13337599
towny,10000
towse,19451
towsy,10000
towts,10000
towze,10000
towzy,10000
toxic,9065369
toxin,1495922
toyed,149746
toyer,10000
toyon,16413
toyos,10000
tozed,10000
tozes,10000
tozie,10000
trabs,10000
trace,11697252
track,112385243
tract,5897046
trade,110086585
trads,10000
tragi,21437
traik,10000
trail,23648838
train,31816971
trait,1705417
tramp,1087707
trams,558296
trank,10000
tranq,10000
trans,14243681
trant,28201
trape,10000
traps,3628684
trapt,196767
trash,7092806
trass,10000
trats,10000
tratt,10000
trave,145105
trawl,553588
trayf,10000
trays,2586701
tread,1672572
treat,19442315
treck,23931
treed,82145
treen,57141
trees,27378116
trefa,10000
treif,10000
treks,440547
trema,18640
trems,10000
trend,15747018
tress,170140
trest,10000
trets,10000
trews,51842
treyf,10000
treys,38021
triac,90112
triad,1519533
trial,56547673
tribe,7890695
trice,354532
trick,8208473
tride,10000
tried,34201786
trier,663496
tries,8236889
triff,10000
trigo,45704
trigs,10000
trike,446953
trild,10000
trill,172713
trims,1070444
trine,297941
trins,25806
triol,10000
trior,10000
trios,389195
tripe,215448
trips,17273017
tripy,10000
trist,37640
trite,287494
troad,10000
troak,10000
troat,14335
trock,10000
trode,47157
trods,10000
trogs,10000
trois,913646
troke,10000
troll,2079165
tromp,66441
trona,71439
tronc,14181
trone,17745
tronk,10000
trons,35762
troop,2609404
trooz,10000
trope,109419
troth,79632
trots,100981
trout,5369048
trove,702353
trows,10000
troys,40050
truce,897431
truck,32136249
trued,15457
truer,254461
trues,18411
trugo,10000
trugs,10000
trull,35795
truly,21693553
trump,2879094
trunk,11020361
truss,1484384
trust,55157142
truth,35345925
tryer,10000
tryke,10000
tryma,10000
tryps,10000
tryst,205722
tsade,10000
tsadi,10000
tsars,48591
tsked,10000
tsuba,39823
tsubo,105028
tuans,10000
tuart,15258
tuath,10000
tubae,10000
tubal,566730
tubar,10000
tubas,92891
tubby,277187
tubed,65659
tuber,243798
tubes,7413309
tucks,252616
tufas,10000
tuffe,10000
tuffs,39840
tufts,1372589
tufty,14476
tugra,10000
tuile,10000
tuina,30910
tuism,10000
tuktu,10000
tules,21888
tulip,2406691
tulle,336799
tulpa,10000
tulsi,73125
tumid,10000
tummy,1685130
tumor,7430480
tumps,10000
tumpy,10000
tunas,124886
tunds,10000
tuned,3761208
tuner,6238319
tunes,6610108
tungs,10000
tunic,727598
tunny,37154
tupek,10000
tupik,10000
tuple,1376804
tuque,17083
turbo,10058686
turds,102668
turfs,18014
turfy,10000
turks,4986307
turme,10000
turms,10000
turns,17261850
turnt,10000
turps,10000
turrs,10000
tushy,174958
tusks,135636
tusky,10000
tutee,17303
tutor,4635949
tutti,1025839
tutty,14203
tutus,45643
tuxes,140219
tuyer,10000
twaes,10000
twain,4530277
twals,10000
twang,243118
twank,10000
twats,156751
tways,10000
tweak,1705761
tweed,1631867
tweel,13639
tween,977071
tweep,10000
tweer,10000
tweet,168757
twerk,10000
twerp,33740
twice,19945569
twier,10000
twigs,454542
twill,1489583
twilt,10000
twine,415457
twink,2332335
twins,7815027
twiny,10000
twire,10000
twirl,234072
twirp,10000
twist,7240854
twite,12984
twits,66404
twixt,73594
twoer,10000
twyer,10000
tyees,10000
tyers,101811
tying,1898217
tyiyn,10000
tykes,185622
tyler,7474964
tymps,10000
tynde,10000
tyned,10000
tynes,51067
typal,10000
typed,3681027
types,77070740
typey,10000
typic,33310
typos,1067335
typps,10000
typto,10000
tyran,19943
tyred,10000
tyres,2510350
tyros,52703
tythe,10000
tzars,10000
udals,10000
udder,175766
udons,10000
ugali,10000
ugged,10000
uhlan,10000
uhuru,169967
ukase,10000
ulama,81258
ulans,10000
ulcer,1336605
ulema,58870
ulmin,10000
ulnad,10000
ulnae,10000
ulnar,139384
ulnas,10000
ulpan,26652
ultra,21795075
ulvas,10000
ulyie,10000
ulzie,10000
umami,55097
umbel,14125
umber,289235
umble,10000
umbos,10000
umbra,321800
umbre,10000
umiac,10000
umiak,10000
umiaq,10000
ummah,179861
ummas,10000
ummed,10000
umped,10000
umphs,10000
umpie,10000
umpty,10000
umrah,110045
umras,10000
unais,10000
unapt,10000
unarm,10000
unary,296481
unaus,10000
unbag,10000
unban,207262
unbar,10000
unbed,10000
unbid,10000
unbox,36026
uncap,10000
unces,10000
uncia,10000
uncle,8127694
uncos,10000
uncoy,10000
uncus,10000
uncut,3929056
undam,10000
undee,10000
under,313296421
undid,126166
undos,13031
undue,1377567
undug,10000
uneth,10000
unfed,20266
unfit,814145
unfix,10000
ungag,10000
unget,10000
ungod,10000
ungot,10000
ungum,10000
unhat,10000
unhip,41188
unica,159995
unify,631185
union,72603888
unite,2888724
units,56512308
unity,8657709
unjam,10000
unked,10000
unket,10000
unkid,10000
unlaw,10000
unlay,10000
unled,10000
unlet,10000
unlid,10000
unlit,94251
unman,10000
unmet,590631
unmew,10000
unmix,10000
unpay,10000
unpeg,10000
unpen,10000
unpin,10000
unred,10000
unrid,10000
unrig,10000
unrip,10000
unsaw,10000
unsay,10000
unsee,10000
unset,1035406
unsew,10000
unsex,10000
unsod,10000
untax,10000
untie,146576
until,113090086
untin,10000
unwed,125824
unwet,10000
unwit,10000
unwon,10000
unzip,1014009
upbow,10000
upbye,10000
updos,86607
updry,10000
upend,31323
upjet,10000
uplay,10000
upled,10000
uplit,10000
upped,298533
upper,38341510
upran,10000
uprun,10000
upsee,10000
upset,5544484
upsey,10000
uptak,10000
upter,10000
uptie,10000
uraei,10000
urali,10000
uraos,10000
urare,10000
urari,10000
urase,10000
urate,49640
urban,38087999
urbex,10000
urbia,10000
urdee,10000
ureal,10000
ureas,10000
uredo,10000
ureic,10000
urena,15526
urent,10000
urged,4685830
urger,10000
urges,3054809
urial,10000
urine,4903932
urite,10000
urman,12983
urnal,10000
urned,10000
urped,10000
ursae,19152
ursid,10000
urson,10000
urubu,10000
urvas,10000
usage,25440406
users,149320234
usher,4948609
using,269448880
usnea,30010
usque,42348
usual,17044981
usure,10000
usurp,171456
usury,201906
uteri,96583
utile,287546
utter,2096533
uveal,37574
uveas,10000
uvula,50618
vacua,59649
vaded,10000
vades,10000
vagal,103959
vague,2783775
vagus,139242
vails,29331
vaire,10000
vairs,10000
vairy,10000
vakas,10000
vakil,48840
vales,84769
valet,2052690
valid,57094711
valis,71633
valor,1193133
valse,152885
value,182061247
valve,11325360
vamps,99641
vampy,24079
vanda,162215
vaned,10000
vanes,216576
vangs,10000
vants,10000
vaped,10000
vaper,10000
vapes,10000
vapid,110502
vapor,3744912
varan,14567
varas,50570
vardy,86547
varec,10000
vares,12778
varia,281539
varix,10000
varna,769723
varus,84284
varve,10000
vasal,10000
vases,1657182
vasts,10000
vasty,10000
vatic,10000
vatus,10000
vauch,10000
vault,5408483
vaunt,17134
vaute,10000
vauts,10000
vawte,10000
vaxes,10000
veale,67739
veals,10000
vealy,10000
veena,106744
veeps,10000
veers,119882
veery,32100
vegan,2642418
vegas,44810653
veges,25082
vegie,30318
vegos,10000
vehme,10000
veils,655338
veily,10000
veins,2282346
veiny,19725
velar,53837
velds,10000
veldt,39718
veles,19096
vells,10000
velum,21780
venae,10000
venal,63578
vends,20166
vendu,10000
veney,10000
venge,10000
venin,10000
venom,1883158
vents,1493908
venue,14204074
venus,4618752
verbs,1777489
verge,1422550
verra,26854
verry,168580
verse,7469512
verso,788583
verst,10000
verts,108132
vertu,363403
verve,1218256
vespa,669846
vesta,395855
vests,2056167
vetch,150281
vexed,243525
vexer,10000
vexes,18629
vexil,10000
vezir,10000
vials,751274
viand,32735
vibes,1073710
vibex,10000
vibey,10000
vicar,825292
viced,10000
vices,995524
vichy,282961
video,365410017
viers,25474
views,77333335
viewy,10000
vifda,10000
viffs,10000
vigas,10000
vigia,10000
vigil,1183443
vigor,977544
vilde,10000
viler,10000
villa,17587586
villi,82864
vills,10000
vimen,10000
vinal,44098
vinas,31188
vinca,133399
vined,10000
viner,124743
vines,1952255
vinew,10000
vinic,10000
vinos,110986
vints,10000
vinyl,17009819
viola,2458792
viold,10000
viols,37992
viper,2201559
viral,5969493
vired,10000
vireo,289521
vires,86820
virga,40140
virge,87035
virid,10000
virls,15992
virtu,51894
virus,36286003
visas,2876354
vised,46330
vises,146483
visie,10000
visit,187062316
visne,10000
vison,50332
visor,1850201
vista,13991160
visto,287086
vitae,1754634
vital,14166642
vitas,50443
vitex,115668
vitro,5000420
vitta,13302
vivas,52978
vivat,22376
vivda,10000
viver,22892
vives,117594
vivid,4479514
vixen,885674
vizir,10000
vizor,10000
vleis,10000
vlies,10000
vlogs,103682
voars,10000
vocab,407673
vocal,9082826
voces,72009
voddy,10000
vodka,2155662
vodou,36232
vodun,12829
voema,10000
vogie,10000
vogue,2159792
voice,64600528
voids,470343
voila,506278
voile,242035
voips,10000
volae,10000
volar,49012
voled,10000
voles,123980
volet,21675
volks,81162
volta,957170
volte,104083
volti,10000
volts,2454421
volva,10000
volve,37888
vomer,10000
vomit,767124
voted,10746027
voter,4905374
votes,32059663
vouch,388963
vouge,26261
voulu,21672
vowed,863379
vowel,1033509
vower,10000
voxel,232056
vozhd,10000
vraic,10000
vrils,10000
vroom,209222
vrous,10000
vrouw,493709
vrows,10000
vuggs,10000
vuggy,10000
vughs,10000
vughy,10000
vulgo,10000
vulns,115018
vulva,499113
vutty,10000
vying,348440
waacs,10000
wacke,10000
wacko,251238
wacks,10000
wacky,1861879
wadds,10000
waddy,68297
waded,156095
wader,176850
wades,79144
wadge,13839
wadis,16705
wadts,10000
wafer,1554217
waffs,10000
wafts,41443
waged,576479
wager,1366964
wages,8737438
wagga,738631
wagon,5198530
wagyu,19825
wahoo,366081
waide,24095
waifs,62596
waift,10000
wails,102509
wains,10000
wairs,10000
waist,5013500
waite,777896
waits,2362199
waive,1789027
wakas,10000
waked,92803
waken,60268
waker,206432
wakes,876767
wakfs,10000
waldo,1283521
walds,10000
waled,10000
waler,10000
wales,29821525
walie,10000
walis,10000
walks,7744070
walla,1535192
walls,14837851
wally,1459126
walty,10000
waltz,1723021
wamed,10000
wames,10000
wamus,10000
wands,658592
waned,183450
wanes,76465
waney,10000
wangs,10000
wanks,24708
wanky,15993
wanle,10000
wanly,14979
wanna,10232302
wants,32538214
wanty,10000
wanze,10000
waqfs,10000
warbs,10000
warby,22006
wards,1759766
wared,10000
wares,1218442
warez,2375829
warks,49780
warms,474877
warns,2775722
warps,126492
warre,46901
warst,10000
warts,1122886
warty,111349
wases,10000
washy,108651
wasms,10000
wasps,715192
waspy,10000
waste,41089558
wasts,10000
watap,10000
watch,92006970
water,215178488
watts,7423674
wauff,10000
waugh,892508
wauks,10000
waulk,10000
wauls,32415
waurs,10000
waved,867023
waver,217064
waves,11006010
wavey,46745
wawas,10000
wawes,10000
wawls,10000
waxed,576427
waxen,31767
waxer,27793
waxes,572169
wayed,10000
wazir,59540
wazoo,92888
weald,162053
weals,10000
weamb,10000
weans,10000
wears,2237421
weary,1632945
weave,1965230
webby,605178
weber,4692730
wecht,51439
wedel,71929
wedge,3162851
wedgy,10000
weeds,2634421
weedy,160228
weeke,49698
weeks,73571749
weels,10000
weems,200613
weens,10000
weeny,56479
weeps,282891
weepy,66392
weest,10000
weete,10000
weets,10000
wefte,10000
wefts,20506
weids,10000
weigh,3587993
weils,10000
weird,11556427
weirs,163720
weise,183705
weize,10000
wekas,10000
welch,3031408
welds,366291
welke,108810
welks,10000
welkt,10000
wells,14073676
welly,108557
welsh,7346867
welts,75287
wembs,10000
wench,310447
wends,28578
wenge,56834
wenny,10000
wents,10000
weros,10000
wersh,10000
wests,120920
wetas,10000
wetly,23325
wexed,10000
wexes,10000
whack,725891
whale,5928569
whamo,10000
whams,10000
whang,51697
whaps,10000
whare,138331
wharf,2226856
whata,21828
whats,6462263
whaup,10000
whaur,10000
wheal,55009
whear,10000
wheat,8685589
wheel,25342937
wheen,28391
wheep,10000
wheft,10000
whelk,35122
whelm,10000
whelp,70407
whens,48116
where,360468339
whets,27039
whews,10000
wheys,10000
which,810514085
whids,10000
whiff,246582
whift,10000
whigs,163720
while,226194991
whilk,10000
whims,347565
whine,832743
whins,10000
whiny,225341
whios,10000
whips,885594
whipt,10000
whirl,622629
whirr,26124
whirs,10000
whish,55706
whisk,591308
whiss,10000
whist,163310
white,209863729
whits,34854
whity,10000
whizz,114054
whole,85202530
whomp,31761
whoof,10000
whoop,331753
whoot,21476
whops,10000
whore,5199489
whorl,241096
whort,10000
whose,43634263
whoso,106286
whows,10000
whump,26746
whups,17599
whyda,10000
wicca,1049446
wicks,668862
wicky,19391
widdy,10000
widen,1178278
wider,8186703
wides,49358
widow,3804620
width,25182453
wield,419233
wiels,10000
wifed,10000
wifes,563949
wifey,179979
wifie,10000
wifty,10000
wigan,1670281
wigga,10000
wiggy,59604
wight,2190271
wikis,660621
wilco,662169
wilds,333381
wiled,10000
wiles,347101
wilga,27754
wilis,10000
wilja,10000
wills,4376548
willy,2273954
wilts,261805
wimps,172107
wimpy,258895
wince,717079
winch,1016374
winds,12628386
windy,2162674
wined,36379
wines,8939582
winey,28737
winge,28795
wings,16044458
wingy,10000
winks,422977
winna,14656
winns,46583
winos,32493
winze,10000
wiped,1491628
wiper,1242341
wipes,1350866
wired,8371548
wirer,10000
wires,5401677
wirra,19577
wised,27775
wiser,841127
wises,67266
wisha,20861
wisht,10000
wisps,193038
wispy,119494
wists,792363
witan,24428
witch,6671560
wited,10000
wites,10000
withe,72784
withs,17564
withy,32365
witty,1753886
wived,10000
wiver,10000
wives,6031432
wizen,10000
wizes,10000
woads,10000
woald,10000
wocks,10000
wodge,10000
woful,10000
wojus,10000
woken,364304
woker,10000
wokka,10000
wolds,81225
wolfs,86742
wolly,17600
wolve,10000
woman,70613606
wombs,51318
womby,10000
women,242520455
womyn,117085
wonga,50161
wongi,10000
wonks,126261
wonky,125930
wonts,10000
woods,14647735
woody,4355633
wooed,127627
wooer,10000
woofs,10000
woofy,10000
woold,10000
wools,93608
wooly,256170
woons,10000
woops,83280
woopy,10000
woose,10000
woosh,43669
wootz,10000
woozy,72439
words,90910143
wordy,180947
works,98581698
world,431934249
worms,4027528
wormy,48023
worry,13243591
worse,15677739
worst,16975343
worth,48075237
worts,24619
would,572644147
wound,5820050
woven,4248524
wowed,131643
wowee,30929
woxen,10000
wrack,68820
wrang,10000
wraps,2781569
wrapt,23332
wrast,10000
wrate,10000
wrath,2486700
wrawl,10000
wreak,316442
wreck,2447935
wrens,198351
wrest,185267
wrick,10000
wried,10000
wrier,10000
wries,10000
wring,188579
wrist,6143580
write,126645151
writs,260366
wroke,10000
wrong,49156828
wroot,10000
wrote,56421594
wroth,91544
wrung,121159
wryer,10000
wryly,93928
wuddy,10000
wudus,10000
wulls,10000
wurst,92889
wuses,10000
wushu,181964
wussy,53062
wuxia,57927
wyled,10000
wyles,17342
wynds,10000
wynns,44962
wyted,10000
wytes,10000
xebec,18700
xenia,353193
xenic,10000
xenon,1400039
xeric,71527
xerox,6022102
xerus,10000
xoana,10000
xrays,46248
xylan,39507
xylem,153110
xylic,10000
xylol,10000
xylyl,10000
xysti,10000
xysts,10000
yaars,10000
yabas,10000
yabba,59426
yabby,34524
yacca,10000
yacht,5932756
yacka,10000
yacks,10000
yaffs,35604
yager,198064
yages,10000
yagis,17911
yahoo,155733641
yaird,17487
yakka,10000
yakow,10000
yales,10000
yamen,10000
yampy,10000
yamun,10000
yangs,16205
yanks,531722
yapok,10000
yapon,10000
yapps,10000
yappy,17161
yarak,10000
yarco,10000
yards,14733347
yarer,10000
yarfa,10000
yarks,10000
yarns,1211638
yarrs,10000
yarta,10000
yarto,10000
yates,1980900
yauds,10000
yauld,10000
yaups,10000
yawed,10000
yawey,10000
yawls,10000
yawns,99793
yawny,10000
yawps,10000
ybore,10000
yclad,10000
ycled,10000
ycond,10000
ydrad,10000
ydred,10000
yeads,10000
yeahs,247417
yealm,10000
yeans,10000
yeard,10000
yearn,300957
years,337841309
yeast,6083904
yecch,10000
yechs,10000
yechy,10000
yedes,10000
yeeds,10000
yeesh,50965
yeggs,10000
yelks,10000
yells,407816
yelms,10000
yelps,40144
yelts,10000
yenta,61349
yente,10000
yerba,427538
yerds,10000
yerks,10000
yeses,10000
yesks,10000
yests,10000
yesty,10000
yetis,10000
yetts,10000
yeuks,10000
yeuky,10000
yeven,10000
yeves,10000
yewen,10000
yexed,10000
yexes,10000
yfere,10000
yield,15022494
yiked,10000
yikes,672164
yills,10000
yince,10000
yipes,29997
yippy,22796
yirds,10000
yirks,10000
yirrs,10000
yirth,10000
yites,10000
yitie,10000
ylems,10000
ylike,10000
ylkes,10000
ymolt,10000
ympes,10000
yobbo,42684
yobby,10000
yocks,10000
yodel,74408
yodhs,10000
yodle,10000
yogas,29407
yogee,10000
yoghs,10000
yogic,139187
yogin,10000
yogis,105107
yoick,10000
yojan,10000
yoked,71366
yokel,57410
yoker,10000
yokes,136612
yokul,10000
yolks,318800
yolky,10000
yomim,10000
yomps,10000
yonic,10000
yonis,10000
yonks,15177
yoofs,10000
yoops,10000
yores,10000
yorks,434368
yorps,10000
youks,10000
young,136341684
yourn,10000
yours,20672809
yourt,10000
youse,103842
youth,51426255
yowed,10000
yowes,10000
yowie,38079
yowls,10000
yowza,33661
yrapt,10000
yrent,10000
yrivd,10000
yrneh,10000
ysame,10000
ytost,10000
yuans,10000
yucas,10000
yucca,812282
yucch,10000
yucko,10000
yucks,10000
yucky,154277
yufts,10000
yugas,10000
yuked,10000
yukes,10000
yukky,20614
yukos,308917
yulan,20249
yules,10000
yummo,10000
yummy,1609762
yumps,10000
yupon,10000
yuppy,24901
yurta,10000
yurts,49475
yuzus,10000
zabra,10000
zacks,451312
zaida,21138
zaidy,10000
zaire,2154891
zakat,147546
zaman,239727
zambo,15316
zamia,20993
zanja,10000
zante,440514
zanza,10000
zanze,10000
zappy,37801
zarfs,10000
zaris,10000
zatis,10000
zaxes,10000
zayin,10000
zazen,81391
zeals,10000
zebec,10000
zebra,2902469
zebub,10000
zebus,10000
zedas,10000
zeins,10000
zendo,37102
zerda,10000
zerks,10000
zeros,1194886
zests,10000
zesty,210124
zetas,24414
zexes,10000
zezes,10000
zhomo,10000
zibet,10000
ziffs,10000
zigan,10000
zilas,10000
zilch,116722
zilla,311318
zills,10000
zimbi,10000
zimbs,10000
zinco,43694
zincs,10000
zincy,10000
zineb,10000
zines,1006514
zings,10000
zingy,192302
zinke,13668
zinky,10000
zippo,1103856
zippy,452440
ziram,10000
zitis,10000
zizel,10000
zizit,10000
zlote,10000
zloty,676066
zoaea,10000
zobos,10000
zobus,10000
zocco,10000
zoeae,10000
zoeal,10000
zoeas,10000
zoism,10000
zoist,10000
zombi,64988
zonae,10000
zonal,536783
zonda,33819
zoned,923678
zoner,46617
zones,9719114
zonks,10000
zooea,10000
zooey,102570
zooid,10000
zooks,10000
zooms,377094
zoons,10000
zooty,10000
zoppa,10000
zoppo,10000
zoril,10000
zoris,10000
zorro,994277
zouks,10000
zowee,10000
zowie,64098
zulus,56246
zupan,58811
zupas,10000
zuppa,36160
zurfs,10000
zuzim,10000
zygal,10000
zygon,15300
zymes,24137
zymic,30459
